Workbook
Name _C45_EXC_M: #REF!
Name _C45_EXC_M: #REF!
Name \0: '[1]PNT-QUOT-#3'!#REF!
Name \0: '[1]PNT-QUOT-#3'!#REF!
Name \z: '[1]COAT&WRAP-QIOT-#3'!#REF!
Name \z: '[1]COAT&WRAP-QIOT-#3'!#REF!
Name a: [2]Code!$E$2:$E$6
Name AAA: '[3]MTL$-INTER'!#REF!
Name AAA: '[3]MTL$-INTER'!#REF!
Name àhkffjfjkhfh: '[1]PNT-QUOT-#3'!#REF!
Name B: '[1]PNT-QUOT-#3'!#REF!
Name B: '[1]PNT-QUOT-#3'!#REF!
Name bangcap: [4]Ma!$A$2:$A$9
Name BarData: #REF!
Name BarData: #REF!
Name bgia: #REF!
Name bgia: #REF!
Name BHS: #REF!
Name BHS: #REF!
Name bt: #REF!
Name bt: #REF!
Name bv: #REF!
Name bv: #REF!
Name chuannangluc: '[5]Chuan NL'!$B$2:$G$237
Name chucdanhchuan: '[6]Danh muc chuc danh'!$E$3:$E$43
Name cnct: #REF!
Name cnct: #REF!
Name COAT: '[1]PNT-QUOT-#3'!#REF!
Name COAT: '[1]PNT-QUOT-#3'!#REF!
Name cot: #REF!
Name cot: #REF!
Name CS_10: #REF!
Name CS_10: #REF!
Name CS_100: #REF!
Name CS_100: #REF!
Name CS_10S: #REF!
Name CS_10S: #REF!
Name CS_120: #REF!
Name CS_120: #REF!
Name CS_140: #REF!
Name CS_140: #REF!
Name CS_160: #REF!
Name CS_160: #REF!
Name CS_20: #REF!
Name CS_20: #REF!
Name CS_30: #REF!
Name CS_30: #REF!
Name CS_40: #REF!
Name CS_40: #REF!
Name CS_40S: #REF!
Name CS_40S: #REF!
Name CS_5S: #REF!
Name CS_5S: #REF!
Name CS_60: #REF!
Name CS_60: #REF!
Name CS_80: #REF!
Name CS_80: #REF!
Name CS_80S: #REF!
Name CS_80S: #REF!
Name CS_STD: #REF!

Sheet Quý 3,2025
C1: CÔNG TY CỔ PHẦN DƯỢC PHẨM ABIPHA
C2: Địa chỉ: Số 5 liền kề 15, khu đô thị Văn phú, P. Phú La, Q. Hà Đông, Hà nội
A3: BẢNG KHOÁN DOANH SỐ QUÝ 3/2025 - ABIPHA MIỀN BẮC
A5: Chỉ tiêu | J5: Tháng 7/2025 | Q5: Tháng 8/2025 | X5: Tháng 9/2025 | AE5: Tổng quý 3/2025
J6: Doanh số | O6: KPI 1 Đông dược + tân dược | P6: KPI 2 hợp đồng mở mới | Q6: Doanh số | V6: KPI 1 Đông dược + tân dược | W6: KPI 2 hợp đồng mở mới | X6: Doanh số | AC6: KPI 1 Đông dược + tân dược | AD6: KPI 2 hợp đồng mở mới | AE6: Doanh số | AJ6: KPI 1 Đông dược + tân dược | AK6: KPI 2 hợp đồng mở mới
J7: Nhóm thuốc tân dược | K7: Nhóm thuốc đông dược | L7: Nhóm TPCN 1 | M7: Nhóm TPCN 2 | N7: Tổng | Q7: Nhóm thuốc tân dược | R7: Nhóm thuốc đông dược | S7: Nhóm TPCN 1 | T7: Nhóm TPCN 2 | U7: Tổng | X7: Nhóm thuốc tân dược | Y7: Nhóm thuốc đông dược | Z7: Nhóm TPCN 1 | AA7: Nhóm TPCN 2 | AB7: Tổng | AE7: Nhóm thuốc tân dược | AF7: Nhóm thuốc đông dược | AG7: Nhóm TPCN 1 | AH7: Nhóm TPCN 2 | AI7: Tổng | AL7: 11033750000
A8: Tổng khoán GĐKD OTC | J8: =N8*J9 -> 350000000 | K8: =N8*K9 -> 1400000000 | L8: =N8*L9 -> 1050000000 | M8: =N8*M9 -> 700000000 | N8: 3500000000 | O8: 12000 | P8: 200 | Q8: =U8*Q9 -> 367500000 | R8: =U8*R9 -> 1470000000 | S8: =U8*S9 -> 1102500000 | T8: =U8*T9 -> 735000000 | U8: =N8*105% -> 3675000000 | V8: =O8+1000 -> 13000 | W8: 180 | X8: =AB8*X9 -> 385875000 | Y8: =AB8*Y9 -> 1543500000 | Z8: =AB8*Z9 -> 1157625000 | AA8: =AB8*AA9 -> 771750000 | AB8: =U8*105% -> 3858750000 | AC8: =V8+1000 -> 14000 | AD8: 150 | AE8: =SUMIF($J$7:$AB$7,AE$12,$J8:$AB8) -> 1103375000 | AF8: =SUMIF($J$7:$AB$7,AF$12,$J8:$AB8) -> 4413500000 | AG8: =SUMIF($J$7:$AB$7,AG$12,$J8:$AB8) -> 3310125000 | AH8: =SUMIF($J$7:$AB$7,AH$12,$J8:$AB8) -> 2206750000 | AI8: =SUM(AE8:AH8) -> 11033750000 | AJ8: =SUMIF($J$6:$AD$6,AJ$6,$J8:$AD8) -> 39000 | AK8: =SUMIF($J$6:$AD$6,AK$6,$J8:$AD8) -> 530 | AL8: =AI8+'[13]Quý 3,2025'!$AI$9 -> 13240500000
I9: 3 | J9: 0.1 | K9: 0.4 | L9: 0.3 | M9: 0.2 | Q9: 0.1 | R9: 0.4 | S9: 0.3 | T9: 0.2 | X9: 0.1 | Y9: 0.4 | Z9: 0.3 | AA9: 0.2 | AE9: 0.1 | AF9: 0.4 | AG9: 0.3 | AH9: 0.2
A10: Stt | B10: Mã | C10: Tên nhân sự | D10: Khu vực | E10: Địa bàn | F10: Doanh số đạt từ tháng 3-5/2025 | J10: Tháng 7/2025 | Q10: Tháng 8/2025 | X10: Tháng 9/2025 | AE10: Tổng quý 3/2025
F11: Tháng 3 | G11: Tháng 4 | H11: Tháng 5 | I11: TB đạt/tháng | J11: Doanh số | O11: KPI 1 Đông dược + tân dược | P11: KPI 2 hợp đồng mở mới | Q11: Doanh số | V11: KPI 1 Đông dược + tân dược | W11: KPI 2 hợp đồng mở mới | X11: Doanh số | AC11: KPI 1 Đông dược + tân dược | AD11: KPI 2 hợp đồng mở mới | AE11: Doanh số | AJ11: KPI 1 Đông dược + tân dược | AK11: KPI 2 hợp đồng mở mới
J12: Nhóm thuốc tân dược | K12: Nhóm thuốc đông dược | L12: Nhóm TPCN 1 | M12: Nhóm TPCN 2 | N12: Tổng | Q12: Nhóm thuốc tân dược | R12: Nhóm thuốc đông dược | S12: Nhóm TPCN 1 | T12: Nhóm TPCN 2 | U12: Tổng | X12: Nhóm thuốc tân dược | Y12: Nhóm thuốc đông dược | Z12: Nhóm TPCN 1 | AA12: Nhóm TPCN 2 | AB12: Tổng | AE12: Nhóm thuốc tân dược | AF12: Nhóm thuốc đông dược | AG12: Nhóm TPCN 1 | AH12: Nhóm TPCN 2 | AI12: Tổng
C13: PHẠM CẢNH TÙNG | D13: MIỀN BẮC | F13: =F20+F26+F34+F44+F53+F60+F69+F78 -> 2.4999888e+09 | G13: =G20+G26+G34+G44+G53+G60+G69+G78 -> 1.9357481e+09 | H13: =H20+H26+H34+H44+H53+H60+H69+H78 -> 2.3888834e+09 | I13: =I20+I26+I34+I44+I53+I60+I69+I78 -> 2.2748735e+09 | J13: =J20+J26+J34+J44+J53+J60+J69+J78 -> 353000000 | K13: =K20+K26+K34+K44+K53+K60+K69+K78 -> 1412000000 | L13: =L20+L26+L34+L44+L53+L60+L69+L78 -> 1059000000 | M13: =M20+M26+M34+M44+M53+M60+M69+M78 -> 706000000 | ... AK13: =AK20+AK26+AK34+AK44+AK53+AK60+AK69+AK78 -> 530 | AL13: =V13-O13 -> 1000 | AM13: =AC13-V13 -> 1000 | AN13: =P13-'[14]THÁNG 7'!L11 -> 0
A14: 1 | B14: 1TDVHN008 | C14: Phùng Văn Hải | D14: Đông Anh, Mê Linh, Sóc Sơn. | E14: Hà nội | F14: =SUMIF('[14]DS đạt từ T1-4'!$D:$D,'Quý 3,2025'!$C14,'[14]DS đạt từ T1-4'!$AI:$AI) -> 85328810 | G14: =SUMIF('[14]DS đạt từ T1-4'!$D:$D,'Quý 3,2025'!$C14,'[14]DS đạt từ T1-4'!$AN:$AN) -> 73781857 | H14: =SUMIF([14]T5!D:D,'Quý 3,2025'!C14,[14]T5!AF:AF) -> 1.2030681e+08 | I14: =SUM(F14:H14)/$I$9 -> 93139159 | J14: =J$9*N14 -> 9500000 | K14: =K$9*N14 -> 38000000 | L14: =L$9*N14 -> 28500000 | M14: =M$9*N14 -> 19000000 | N14: 95000000 | O14: 240 | P14: 4 | Q14: =Q$9*U14 -> 10000000 | R14: =R$9*U14 -> 40000000 | S14: =S$9*U14 -> 30000000 | T14: =T$9*U14 -> 20000000 | U14: 100000000 | V14: 240 | W14: 3 | X14: =X$9*AB14 -> 10500000 | Y14: =Y$9*AB14 -> 42000000 | Z14: =Z$9*AB14 -> 31500000 | AA14: =AA$9*AB14 -> 21000000 | AB14: 105000000 | AC14: 260 | AD14: 2 | AE14: =SUMIF($J$12:$AB$12,AE$12,$J14:$AB14) -> 30000000 | AF14: =SUMIF($J$12:$AB$12,AF$12,$J14:$AB14) -> 120000000 | AG14: =SUMIF($J$12:$AB$12,AG$12,$J14:$AB14) -> 90000000 | AH14: =SUMIF($J$12:$AB$12,AH$12,$J14:$AB14) -> 60000000 | AI14: =SUMIF($J$12:$AB$12,AI$12,$J14:$AB14) -> 300000000 | AJ14: =SUMIF($J$11:$AD$11,AJ$11,$J14:$AD14) -> 740 | AK14: =SUMIF($J$11:$AD$11,AK$11,$J14:$AD14) -> 9 | AL14: =V14-O14 -> 0 | AM14: =AC14-V14 -> 20 | AN14: =P14-'[14]THÁNG 7'!L12 -> 0
A15: 2 | B15: 1TDVHN102 | C15: Lê Công Thắng | D15: Ba Vì, Sơn tây,Phúc Thọ | E15: Hà nội | F15: =SUMIF('[14]DS đạt từ T1-4'!$D:$D,'Quý 3,2025'!$C15,'[14]DS đạt từ T1-4'!$AI:$AI) -> 23842714 | G15: =SUMIF('[14]DS đạt từ T1-4'!$D:$D,'Quý 3,2025'!$C15,'[14]DS đạt từ T1-4'!$AN:$AN) -> 37276810 | H15: =SUMIF([14]T5!D:D,'Quý 3,2025'!C15,[14]T5!AF:AF) -> 18003857 | I15: =SUM(F15:H15)/$I$9 -> 26374460 | J15: =J$9*N15 -> 6000000 | K15: =K$9*N15 -> 24000000 | L15: =L$9*N15 -> 18000000 | M15: =M$9*N15 -> 12000000 | N15: 60000000 | O15: 180 | P15: 4 | Q15: =Q$9*U15 -> 6500000 | R15: =R$9*U15 -> 26000000 | S15: =S$9*U15 -> 19500000 | T15: =T$9*U15 -> 13000000 | U15: 65000000 | V15: 180 | W15: 3 | X15: =X$9*AB15 -> 7000000 | Y15: =Y$9*AB15 -> 28000000 | Z15: =Z$9*AB15 -> 21000000 | AA15: =AA$9*AB15 -> 14000000 | AB15: 70000000 | AC15: 200 | AD15: 2 | AE15: =SUMIF($J$12:$AB$12,AE$12,$J15:$AB15) -> 19500000 | AF15: =SUMIF($J$12:$AB$12,AF$12,$J15:$AB15) -> 78000000 | AG15: =SUMIF($J$12:$AB$12,AG$12,$J15:$AB15) -> 58500000 | AH15: =SUMIF($J$12:$AB$12,AH$12,$J15:$AB15) -> 39000000 | AI15: =SUMIF($J$12:$AB$12,AI$12,$J15:$AB15) -> 195000000 | AJ15: =SUMIF($J$11:$AD$11,AJ$11,$J15:$AD15) -> 560 | AK15: =SUMIF($J$11:$AD$11,AK$11,$J15:$AD15) -> 9 | AL15: =V15-O15 -> 0 | AM15: =AC15-V15 -> 20 | AN15: =P15-'[14]THÁNG 7'!L13 -> 0
A16: 3 | B16: 1TDVHN101 | C16: TDV Bắc | D16: Quốc Oai, Thạch Thất | E16: Hà nội | F16: 5555428.6 | G16: 3820000 | H16: 4212857.1 | I16: =SUM(F16:H16)/$I$9 -> 4529428.6 | J16: =J$9*N16 -> 3000000 | K16: =K$9*N16 -> 12000000 | L16: =L$9*N16 -> 9000000 | M16: =M$9*N16 -> 6000000 | N16: 30000000 | O16: 120 | P16: 5 | Q16: =Q$9*U16 -> 3000000 | R16: =R$9*U16 -> 12000000 | S16: =S$9*U16 -> 9000000 | T16: =T$9*U16 -> 6000000 | U16: 30000000 | V16: 160 | W16: 4 | X16: =X$9*AB16 -> 3500000 | Y16: =Y$9*AB16 -> 14000000 | Z16: =Z$9*AB16 -> 10500000 | AA16: =AA$9*AB16 -> 7000000 | AB16: 35000000 | AC16: 170 | AD16: 3 | AE16: =SUMIF($J$12:$AB$12,AE$12,$J16:$AB16) -> 9500000 | AF16: =SUMIF($J$12:$AB$12,AF$12,$J16:$AB16) -> 38000000 | AG16: =SUMIF($J$12:$AB$12,AG$12,$J16:$AB16) -> 28500000 | AH16: =SUMIF($J$12:$AB$12,AH$12,$J16:$AB16) -> 19000000 | AI16: =SUMIF($J$12:$AB$12,AI$12,$J16:$AB16) -> 95000000 | AJ16: =SUMIF($J$11:$AD$11,AJ$11,$J16:$AD16) -> 450 | AK16: =SUMIF($J$11:$AD$11,AK$11,$J16:$AD16) -> 12 | AL16: =V16-O16 -> 40 | AM16: =AC16-V16 -> 10 | AN16: =P16-'[14]THÁNG 7'!L14 -> 0
A17: 4 | B17: 1TDVHN084 | C17: Nguyễn thị Loan | D17: Mỹ Đức, Ứng hòa, Thanh Oai | E17: Hà nội | F17: =SUMIF('[14]DS đạt từ T1-4'!$D:$D,'Quý 3,2025'!$C17,'[14]DS đạt từ T1-4'!$AI:$AI) -> 90628381 | G17: =SUMIF('[14]DS đạt từ T1-4'!$D:$D,'Quý 3,2025'!$C17,'[14]DS đạt từ T1-4'!$AN:$AN) -> 31535238 | H17: =SUMIF([14]T5!D:D,'Quý 3,2025'!C17,[14]T5!AF:AF) -> 50718952 | I17: =SUM(F17:H17)/$I$9 -> 57627524 | J17: =J$9*N17 -> 6000000 | K17: =K$9*N17 -> 24000000 | L17: =L$9*N17 -> 18000000 | M17: =M$9*N17 -> 12000000 | N17: 60000000 | O17: 215 | P17: 3 | Q17: =Q$9*U17 -> 6500000 | R17: =R$9*U17 -> 26000000 | S17: =S$9*U17 -> 19500000 | T17: =T$9*U17 -> 13000000 | U17: 65000000 | V17: 215 | W17: 3 | X17: =X$9*AB17 -> 6500000 | Y17: =Y$9*AB17 -> 26000000 | Z17: =Z$9*AB17 -> 19500000 | AA17: =AA$9*AB17 -> 13000000 | AB17: 65000000 | AC17: 225 | AD17: 3 | AE17: =SUMIF($J$12:$AB$12,AE$12,$J17:$AB17) -> 19000000 | AF17: =SUMIF($J$12:$AB$12,AF$12,$J17:$AB17) -> 76000000 | AG17: =SUMIF($J$12:$AB$12,AG$12,$J17:$AB17) -> 57000000 | AH17: =SUMIF($J$12:$AB$12,AH$12,$J17:$AB17) -> 38000000 | AI17: =SUMIF($J$12:$AB$12,AI$12,$J17:$AB17) -> 190000000 | AJ17: =SUMIF($J$11:$AD$11,AJ$11,$J17:$AD17) -> 655 | AK17: =SUMIF($J$11:$AD$11,AK$11,$J17:$AD17) -> 9 | AL17: =V17-O17 -> 0 | AM17: =AC17-V17 -> 10 | AN17: =P17-'[14]THÁNG 7'!L15 -> 0
A18: 5 | B18: TDV02 | C18: Nguyễn Thị Minh Hương | D18: Thanh trì, Thường Tín, Phú xuyên | E18: Hà nội | F18: =SUMIF('[14]DS đạt từ T1-4'!$D:$D,'Quý 3,2025'!$C18,'[14]DS đạt từ T1-4'!$AI:$AI) -> 0 | G18: =SUMIF('[14]DS đạt từ T1-4'!$D:$D,'Quý 3,2025'!$C18,'[14]DS đạt từ T1-4'!$AN:$AN) -> 13929857 | H18: =SUMIF([14]T5!D:D,'Quý 3,2025'!C18,[14]T5!AF:AF) -> 15312000 | I18: =SUM(F18:H18)/$I$9 -> 9747285.7 | J18: =J$9*N18 -> 3000000 | K18: =K$9*N18 -> 12000000 | L18: =L$9*N18 -> 9000000 | M18: =M$9*N18 -> 6000000 | N18: 30000000 | O18: 100 | P18: 5 | Q18: =Q$9*U18 -> 3500000 | R18: =R$9*U18 -> 14000000 | S18: =S$9*U18 -> 10500000 | T18: =T$9*U18 -> 7000000 | U18: 35000000 | V18: 160 | W18: 4 | X18: =X$9*AB18 -> 4000000 | Y18: =Y$9*AB18 -> 16000000 | Z18: =Z$9*AB18 -> 12000000 | AA18: =AA$9*AB18 -> 8000000 | AB18: 40000000 | AC18: 170 | AD18: 3 | AE18: =SUMIF($J$12:$AB$12,AE$12,$J18:$AB18) -> 10500000 | AF18: =SUMIF($J$12:$AB$12,AF$12,$J18:$AB18) -> 42000000 | AG18: =SUMIF($J$12:$AB$12,AG$12,$J18:$AB18) -> 31500000 | AH18: =SUMIF($J$12:$AB$12,AH$12,$J18:$AB18) -> 21000000 | AI18: =SUMIF($J$12:$AB$12,AI$12,$J18:$AB18) -> 105000000 | AJ18: =SUMIF($J$11:$AD$11,AJ$11,$J18:$AD18) -> 430 | AK18: =SUMIF($J$11:$AD$11,AK$11,$J18:$AD18) -> 12 | AL18: =V18-O18 -> 60 | AM18: =AC18-V18 -> 10 | AN18: =P18-'[14]THÁNG 7'!L16 -> 0
A19: 6 | B19: 1TDVHN100 | C19: Nguyễn Thị Diệu Chi | D19: Đống Đa, Ba Đình, Tây Hồ | E19: Hà nội | F19: =SUMIF('[14]DS đạt từ T1-4'!$D:$D,'Quý 3,2025'!$C19,'[14]DS đạt từ T1-4'!$AI:$AI) -> 35889619 | G19: =SUMIF('[14]DS đạt từ T1-4'!$D:$D,'Quý 3,2025'!$C19,'[14]DS đạt từ T1-4'!$AN:$AN) -> 12635429 | H19: =SUMIF([14]T5!D:D,'Quý 3,2025'!C19,[14]T5!AF:AF) -> 42820714 | I19: =SUM(F19:H19)/$I$9 -> 30448587 | J19: =J$9*N19 -> 4000000 | K19: =K$9*N19 -> 16000000 | L19: =L$9*N19 -> 12000000 | M19: =M$9*N19 -> 8000000 | N19: 40000000 | O19: 100 | P19: 4 | Q19: =Q$9*U19 -> 4000000 | R19: =R$9*U19 -> 16000000 | S19: =S$9*U19 -> 12000000 | T19: =T$9*U19 -> 8000000 | U19: 40000000 | V19: 150 | W19: 4 | X19: =X$9*AB19 -> 4500000 | Y19: =Y$9*AB19 -> 18000000 | Z19: =Z$9*AB19 -> 13500000 | AA19: =AA$9*AB19 -> 9000000 | AB19: 45000000 | AC19: 170 | AD19: 3 | AE19: =SUMIF($J$12:$AB$12,AE$12,$J19:$AB19) -> 12500000 | AF19: =SUMIF($J$12:$AB$12,AF$12,$J19:$AB19) -> 50000000 | AG19: =SUMIF($J$12:$AB$12,AG$12,$J19:$AB19) -> 37500000 | AH19: =SUMIF($J$12:$AB$12,AH$12,$J19:$AB19) -> 25000000 | AI19: =SUMIF($J$12:$AB$12,AI$12,$J19:$AB19) -> 125000000 | AJ19: =SUMIF($J$11:$AD$11,AJ$11,$J19:$AD19) -> 420 | AK19: =SUMIF($J$11:$AD$11,AK$11,$J19:$AD19) -> 11 | AL19: =V19-O19 -> 50 | AM19: =AC19-V19 -> 20 | AN19: =P19-'[14]THÁNG 7'!L17 -> 0
A20: QLBH1 | F20: =SUM(F14:F19) -> 2.4124495e+08 | G20: =SUM(G14:G19) -> 1.7297919e+08 | H20: =SUM(H14:H19) -> 2.5137519e+08 | I20: =SUM(I14:I19) -> 2.2186644e+08 | J20: =SUM(J14:J19) -> 31500000 | K20: =SUM(K14:K19) -> 126000000 | L20: =SUM(L14:L19) -> 94500000 | M20: =SUM(M14:M19) -> 63000000 | ... AK20: =SUM(AK14:AK19) -> 62 | AL20: =V20-O20 -> 150 | AM20: =AC20-V20 -> 90 | AN20: =P20-'[14]THÁNG 7'!L18 -> 0
A21: 1 | B21: TDV03 | C21: Huỳnh Thị Yến | D21: Hà Đông Thanh Xuân, Chương Mỹ | E21: Hà nội | F21: =SUMIF('[14]DS đạt từ T1-4'!$D:$D,'Quý 3,2025'!$C21,'[14]DS đạt từ T1-4'!$AI:$AI) -> 0 | G21: =SUMIF('[14]DS đạt từ T1-4'!$D:$D,'Quý 3,2025'!$C21,'[14]DS đạt từ T1-4'!$AN:$AN) -> 0 | H21: 19251143 | I21: =SUM(F21:H21)/$I$9 -> 6417047.6 | J21: =J$9*N21 -> 6000000 | K21: =K$9*N21 -> 24000000 | L21: =L$9*N21 -> 18000000 | M21: =M$9*N21 -> 12000000 | N21: 60000000 | O21: 120 | P21: 4 | Q21: =Q$9*U21 -> 6000000 | R21: =R$9*U21 -> 24000000 | S21: =S$9*U21 -> 18000000 | T21: =T$9*U21 -> 12000000 | U21: 60000000 | V21: 150 | W21: 4 | X21: =X$9*AB21 -> 6500000 | Y21: =Y$9*AB21 -> 26000000 | Z21: =Z$9*AB21 -> 19500000 | AA21: =AA$9*AB21 -> 13000000 | AB21: 65000000 | AC21: 170 | AD21: 3 | AE21: =SUMIF($J$12:$AB$12,AE$12,$J21:$AB21) -> 18500000 | AF21: =SUMIF($J$12:$AB$12,AF$12,$J21:$AB21) -> 74000000 | AG21: =SUMIF($J$12:$AB$12,AG$12,$J21:$AB21) -> 55500000 | AH21: =SUMIF($J$12:$AB$12,AH$12,$J21:$AB21) -> 37000000 | AI21: =SUMIF($J$12:$AB$12,AI$12,$J21:$AB21) -> 185000000 | AJ21: =SUMIF($J$11:$AD$11,AJ$11,$J21:$AD21) -> 440 | AK21: =SUMIF($J$11:$AD$11,AK$11,$J21:$AD21) -> 11 | AL21: =V21-O21 -> 30 | AM21: =AC21-V21 -> 20 | AN21: =P21-'[14]THÁNG 7'!L19 -> 0
A22: 2 | B22: 1TDVHN005 | C22: Hoàng Thị Thu Hà | D22: Hoàng Mai, Hai Bà Trưng, Hoàn Kiếm | E22: Hà nội | F22: =SUMIF('[14]DS đạt từ T1-4'!$D:$D,'Quý 3,2025'!$C22,'[14]DS đạt từ T1-4'!$AI:$AI) -> 82167571 | G22: =SUMIF('[14]DS đạt từ T1-4'!$D:$D,'Quý 3,2025'!$C22,'[14]DS đạt từ T1-4'!$AN:$AN) -> 71514571 | H22: =SUMIF([14]T5!D:D,'Quý 3,2025'!C22,[14]T5!AF:AF) -> 95590714 | I22: =SUM(F22:H22)/$I$9 -> 83090952 | J22: =J$9*N22 -> 9000000 | K22: =K$9*N22 -> 36000000 | L22: =L$9*N22 -> 27000000 | M22: =M$9*N22 -> 18000000 | N22: 90000000 | O22: 230 | P22: 2 | Q22: =Q$9*U22 -> 9500000 | R22: =R$9*U22 -> 38000000 | S22: =S$9*U22 -> 28500000 | T22: =T$9*U22 -> 19000000 | U22: 95000000 | V22: 250 | W22: 2 | X22: =X$9*AB22 -> 9500000 | Y22: =Y$9*AB22 -> 38000000 | Z22: =Z$9*AB22 -> 28500000 | AA22: =AA$9*AB22 -> 19000000 | AB22: 95000000 | AC22: 270 | AD22: 2 | AE22: =SUMIF($J$12:$AB$12,AE$12,$J22:$AB22) -> 28000000 | AF22: =SUMIF($J$12:$AB$12,AF$12,$J22:$AB22) -> 112000000 | AG22: =SUMIF($J$12:$AB$12,AG$12,$J22:$AB22) -> 84000000 | AH22: =SUMIF($J$12:$AB$12,AH$12,$J22:$AB22) -> 56000000 | AI22: =SUMIF($J$12:$AB$12,AI$12,$J22:$AB22) -> 280000000 | AJ22: =SUMIF($J$11:$AD$11,AJ$11,$J22:$AD22) -> 750 | AK22: =SUMIF($J$11:$AD$11,AK$11,$J22:$AD22) -> 6 | AL22: =V22-O22 -> 20 | AM22: =AC22-V22 -> 20 | AN22: =P22-'[14]THÁNG 7'!L20 -> 0
A23: 3 | B23: TDV04 | C23: Bùi Thị Thu Hường | D23: Gia Lâm, Long Biên | E23: Hà nội | F23: 16130762 | G23: 7165000 | H23: 6958571.4 | I23: =SUM(F23:H23)/$I$9 -> 10084778 | J23: =J$9*N23 -> 3000000 | K23: =K$9*N23 -> 12000000 | L23: =L$9*N23 -> 9000000 | M23: =M$9*N23 -> 6000000 | N23: 30000000 | O23: 100 | P23: 3 | Q23: =Q$9*U23 -> 3500000 | R23: =R$9*U23 -> 14000000 | S23: =S$9*U23 -> 10500000 | T23: =T$9*U23 -> 7000000 | U23: 35000000 | V23: 140 | W23: 3 | X23: =X$9*AB23 -> 4000000 | Y23: =Y$9*AB23 -> 16000000 | Z23: =Z$9*AB23 -> 12000000 | AA23: =AA$9*AB23 -> 8000000 | AB23: 40000000 | AC23: 150 | AD23: 4 | AE23: =SUMIF($J$12:$AB$12,AE$12,$J23:$AB23) -> 10500000 | AF23: =SUMIF($J$12:$AB$12,AF$12,$J23:$AB23) -> 42000000 | AG23: =SUMIF($J$12:$AB$12,AG$12,$J23:$AB23) -> 31500000 | AH23: =SUMIF($J$12:$AB$12,AH$12,$J23:$AB23) -> 21000000 | AI23: =SUMIF($J$12:$AB$12,AI$12,$J23:$AB23) -> 105000000 | AJ23: =SUMIF($J$11:$AD$11,AJ$11,$J23:$AD23) -> 390 | AK23: =SUMIF($J$11:$AD$11,AK$11,$J23:$AD23) -> 10 | AL23: =V23-O23 -> 40 | AM23: =AC23-V23 -> 10 | AN23: =P23-'[14]THÁNG 7'!L21 -> 0
A24: 4 | B24: TDV01 | C24: Đỗ Ngọc Minh | D24: Đan Phượng, Hoài Đức | E24: Hà nội | F24: 12266429 | G24: =SUMIF('[14]DS đạt từ T1-4'!$D:$D,'Quý 3,2025'!$C24,'[14]DS đạt từ T1-4'!$AN:$AN) -> 0 | H24: 9697857.1 | I24: =SUM(F24:H24)/$I$9 -> 7321428.6 | J24: =J$9*N24 -> 3000000 | K24: =K$9*N24 -> 12000000 | L24: =L$9*N24 -> 9000000 | M24: =M$9*N24 -> 6000000 | N24: 30000000 | O24: 100 | P24: 4 | Q24: =Q$9*U24 -> 3500000 | R24: =R$9*U24 -> 14000000 | S24: =S$9*U24 -> 10500000 | T24: =T$9*U24 -> 7000000 | U24: 35000000 | V24: 130 | W24: 4 | X24: =X$9*AB24 -> 4000000 | Y24: =Y$9*AB24 -> 16000000 | Z24: =Z$9*AB24 -> 12000000 | AA24: =AA$9*AB24 -> 8000000 | AB24: 40000000 | AC24: 150 | AD24: 3 | AE24: =SUMIF($J$12:$AB$12,AE$12,$J24:$AB24) -> 10500000 | AF24: =SUMIF($J$12:$AB$12,AF$12,$J24:$AB24) -> 42000000 | AG24: =SUMIF($J$12:$AB$12,AG$12,$J24:$AB24) -> 31500000 | AH24: =SUMIF($J$12:$AB$12,AH$12,$J24:$AB24) -> 21000000 | AI24: =SUMIF($J$12:$AB$12,AI$12,$J24:$AB24) -> 105000000 | AJ24: =SUMIF($J$11:$AD$11,AJ$11,$J24:$AD24) -> 380 | AK24: =SUMIF($J$11:$AD$11,AK$11,$J24:$AD24) -> 11 | AL24: =V24-O24 -> 30 | AM24: =AC24-V24 -> 20 | AN24: =P24-'[14]THÁNG 7'!L22 -> 0
A25: 5 | B25: 1TDVHN006 | C25: Phan Thị Phương Hoa | D25: Cầu Giấy, Nam Từ Liêm, Bắc Từ Liêm | E25: Hà nội | F25: =SUMIF('[14]DS đạt từ T1-4'!$D:$D,'Quý 3,2025'!$C25,'[14]DS đạt từ T1-4'!$AI:$AI) -> 55122619 | G25: =SUMIF('[14]DS đạt từ T1-4'!$D:$D,'Quý 3,2025'!$C25,'[14]DS đạt từ T1-4'!$AN:$AN) -> 36120714 | H25: =SUMIF([14]T5!D:D,'Quý 3,2025'!C25,[14]T5!AF:AF) -> 36502857 | I25: =SUM(F25:H25)/$I$9 -> 42582063 | J25: =J$9*N25 -> 6000000 | K25: =K$9*N25 -> 24000000 | L25: =L$9*N25 -> 18000000 | M25: =M$9*N25 -> 12000000 | N25: 60000000 | O25: 170 | P25: 3 | Q25: =Q$9*U25 -> 6000000 | R25: =R$9*U25 -> 24000000 | S25: =S$9*U25 -> 18000000 | T25: =T$9*U25 -> 12000000 | U25: 60000000 | V25: 170 | W25: 3 | X25: =X$9*AB25 -> 6500000 | Y25: =Y$9*AB25 -> 26000000 | Z25: =Z$9*AB25 -> 19500000 | AA25: =AA$9*AB25 -> 13000000 | AB25: 65000000 | AC25: 190 | AD25: 2 | AE25: =SUMIF($J$12:$AB$12,AE$12,$J25:$AB25) -> 18500000 | AF25: =SUMIF($J$12:$AB$12,AF$12,$J25:$AB25) -> 74000000 | AG25: =SUMIF($J$12:$AB$12,AG$12,$J25:$AB25) -> 55500000 | AH25: =SUMIF($J$12:$AB$12,AH$12,$J25:$AB25) -> 37000000 | AI25: =SUMIF($J$12:$AB$12,AI$12,$J25:$AB25) -> 185000000 | AJ25: =SUMIF($J$11:$AD$11,AJ$11,$J25:$AD25) -> 530 | AK25: =SUMIF($J$11:$AD$11,AK$11,$J25:$AD25) -> 8 | AL25: =V25-O25 -> 0 | AM25: =AC25-V25 -> 20 | AN25: =P25-'[14]THÁNG 7'!L23 -> 0
A26: QLBH2 | C26: Nguyễn Mạnh Thắng | F26: =SUM(F21:F25) -> 1.6568738e+08 | G26: =SUM(G21:G25) -> 1.1480029e+08 | H26: =SUM(H21:H25) -> 1.6800114e+08 | I26: =SUM(I21:I25) -> 1.4949627e+08 | J26: =SUM(J21:J25) -> 27000000 | K26: =SUM(K21:K25) -> 108000000 | L26: =SUM(L21:L25) -> 81000000 | M26: =SUM(M21:M25) -> 54000000 | ... AK26: =SUM(AK21:AK25) -> 46 | AL26: =V26-O26 -> 120 | AM26: =AC26-V26 -> 90 | AN26: =P26-'[14]THÁNG 7'!L24 -> 0
A27: 1 | B27: TDV178 | C27: Ngô Thị Mường Khương | D27: Huyện Thủy Nguyên, Quận Hồng Bàng,Quận Lê Chân,Huyện An Dương,Quận Hải An, Quận Ngô Quyền | E27: Hải Phòng 1 | F27: =SUMIF('[14]DS đạt từ T1-4'!$D:$D,'Quý 3,2025'!$C27,'[14]DS đạt từ T1-4'!$AI:$AI) -> 39091000 | G27: =SUMIF('[14]DS đạt từ T1-4'!$D:$D,'Quý 3,2025'!$C27,'[14]DS đạt từ T1-4'!$AN:$AN) -> 22580857 | H27: =SUMIF([14]T5!D:D,'Quý 3,2025'!C27,[14]T5!AF:AF) -> 61125429 | I27: =SUM(F27:H27)/$I$9 -> 40932429 | J27: =J$9*N27 -> 6000000 | K27: =K$9*N27 -> 24000000 | L27: =L$9*N27 -> 18000000 | M27: =M$9*N27 -> 12000000 | N27: 60000000 | O27: 250 | P27: 3 | Q27: =Q$9*U27 -> 6500000 | R27: =R$9*U27 -> 26000000 | S27: =S$9*U27 -> 19500000 | T27: =T$9*U27 -> 13000000 | U27: 65000000 | V27: 270 | W27: 3 | X27: =X$9*AB27 -> 7000000 | Y27: =Y$9*AB27 -> 28000000 | Z27: =Z$9*AB27 -> 21000000 | AA27: =AA$9*AB27 -> 14000000 | AB27: 70000000 | AC27: 290 | AD27: 2 | AE27: =SUMIF($J$12:$AB$12,AE$12,$J27:$AB27) -> 19500000 | AF27: =SUMIF($J$12:$AB$12,AF$12,$J27:$AB27) -> 78000000 | AG27: =SUMIF($J$12:$AB$12,AG$12,$J27:$AB27) -> 58500000 | AH27: =SUMIF($J$12:$AB$12,AH$12,$J27:$AB27) -> 39000000 | AI27: =SUMIF($J$12:$AB$12,AI$12,$J27:$AB27) -> 195000000 | AJ27: =SUMIF($J$11:$AD$11,AJ$11,$J27:$AD27) -> 810 | AK27: =SUMIF($J$11:$AD$11,AK$11,$J27:$AD27) -> 8 | AL27: =V27-O27 -> 20 | AM27: =AC27-V27 -> 20 | AN27: =P27-'[14]THÁNG 7'!L25 -> 0
A28: 2 | B28: TDV174 | C28: Đinh Ngọc Dương | D28: Quận Đồ Sơn, Huyện Kiến Thụy, Quận Dương Kinh, Quận Kiến An, Huyện An Lão,Huyện Vĩnh Bảo,Huyện Tiên Lãng | E28: Hải Phòng 2 | G28: 3034285.7 | H28: =SUMIF([14]T5!D:D,'Quý 3,2025'!C28,[14]T5!AF:AF) -> 296190.48 | I28: =SUM(F28:H28)/$I$9 -> 1110158.7 | J28: =J$9*N28 -> 5500000 | K28: =K$9*N28 -> 22000000 | L28: =L$9*N28 -> 16500000 | M28: =M$9*N28 -> 11000000 | N28: 55000000 | O28: 220 | P28: 4 | Q28: =Q$9*U28 -> 6000000 | R28: =R$9*U28 -> 24000000 | S28: =S$9*U28 -> 18000000 | T28: =T$9*U28 -> 12000000 | U28: 60000000 | V28: 240 | W28: 4 | X28: =X$9*AB28 -> 6000000 | Y28: =Y$9*AB28 -> 24000000 | Z28: =Z$9*AB28 -> 18000000 | AA28: =AA$9*AB28 -> 12000000 | AB28: 60000000 | AC28: 260 | AD28: 3 | AE28: =SUMIF($J$12:$AB$12,AE$12,$J28:$AB28) -> 17500000 | AF28: =SUMIF($J$12:$AB$12,AF$12,$J28:$AB28) -> 70000000 | AG28: =SUMIF($J$12:$AB$12,AG$12,$J28:$AB28) -> 52500000 | AH28: =SUMIF($J$12:$AB$12,AH$12,$J28:$AB28) -> 35000000 | AI28: =SUMIF($J$12:$AB$12,AI$12,$J28:$AB28) -> 175000000 | AJ28: =SUMIF($J$11:$AD$11,AJ$11,$J28:$AD28) -> 720 | AK28: =SUMIF($J$11:$AD$11,AK$11,$J28:$AD28) -> 11 | AL28: =V28-O28 -> 20 | AM28: =AC28-V28 -> 20 | AN28: =P28-'[14]THÁNG 7'!L26 -> 0
A29: 3 | B29: TDV184 | C29: Nguyễn Khắc Mạnh | D29: Trong hệ thống Công ty CP dược phẩm Hải Phòng(Hiệu Thuốc Hải Phòng) | E29: Hải Phòng 3 | F29: =SUMIF('[14]DS đạt từ T1-4'!$D:$D,'Quý 3,2025'!$C29,'[14]DS đạt từ T1-4'!$AI:$AI) -> 75431333 | G29: =SUMIF('[14]DS đạt từ T1-4'!$D:$D,'Quý 3,2025'!$C29,'[14]DS đạt từ T1-4'!$AN:$AN) -> 88289571 | H29: =SUMIF([14]T5!D:D,'Quý 3,2025'!C29,[14]T5!AF:AF) -> 86784619 | I29: =SUM(F29:H29)/$I$9 -> 83501841 | J29: =J$9*N29 -> 8000000 | K29: =K$9*N29 -> 32000000 | L29: =L$9*N29 -> 24000000 | M29: =M$9*N29 -> 16000000 | N29: 80000000 | O29: 380 | P29: 4 | Q29: =Q$9*U29 -> 8500000 | R29: =R$9*U29 -> 34000000 | S29: =S$9*U29 -> 25500000 | T29: =T$9*U29 -> 17000000 | U29: 85000000 | V29: 400 | W29: 3 | X29: =X$9*AB29 -> 9000000 | Y29: =Y$9*AB29 -> 36000000 | Z29: =Z$9*AB29 -> 27000000 | AA29: =AA$9*AB29 -> 18000000 | AB29: 90000000 | AC29: 400 | AD29: 3 | AE29: =SUMIF($J$12:$AB$12,AE$12,$J29:$AB29) -> 25500000 | AF29: =SUMIF($J$12:$AB$12,AF$12,$J29:$AB29) -> 102000000 | AG29: =SUMIF($J$12:$AB$12,AG$12,$J29:$AB29) -> 76500000 | AH29: =SUMIF($J$12:$AB$12,AH$12,$J29:$AB29) -> 51000000 | AI29: =SUMIF($J$12:$AB$12,AI$12,$J29:$AB29) -> 255000000 | AJ29: =SUMIF($J$11:$AD$11,AJ$11,$J29:$AD29) -> 1180 | AK29: =SUMIF($J$11:$AD$11,AK$11,$J29:$AD29) -> 10 | AL29: =V29-O29 -> 20 | AM29: =AC29-V29 -> 0 | AN29: =P29-'[14]THÁNG 7'!L27 -> 0
A30: 4 | B30: TDV139 | C30: Nguyễn Hữu Nam | D30: TP Chí Linh, TX Kinh Môn, Huyện Kim Thành, Huyện Thanh Hà,Huyện Nam Sách, 1/2 TP Hải Dương(Phường ái quốc, phường nam đồng, phường ngọc châu, phường phạm ngũ lão,phường quang trung,phường trần hưng đạo,phường trần phú, phường tân hưng,phường nguyễn trãi) | E30: Hải Dương 1 | F30: =SUMIF('[14]DS đạt từ T1-4'!$D:$D,'Quý 3,2025'!$C30,'[14]DS đạt từ T1-4'!$AI:$AI) -> 27666429 | G30: =SUMIF('[14]DS đạt từ T1-4'!$D:$D,'Quý 3,2025'!$C30,'[14]DS đạt từ T1-4'!$AN:$AN) -> 33371667 | H30: =SUMIF([14]T5!D:D,'Quý 3,2025'!C30,[14]T5!AF:AF) -> 51906762 | I30: =SUM(F30:H30)/$I$9 -> 37648286 | J30: =J$9*N30 -> 6000000 | K30: =K$9*N30 -> 24000000 | L30: =L$9*N30 -> 18000000 | M30: =M$9*N30 -> 12000000 | N30: 60000000 | O30: 270 | P30: 6 | Q30: =Q$9*U30 -> 6500000 | R30: =R$9*U30 -> 26000000 | S30: =S$9*U30 -> 19500000 | T30: =T$9*U30 -> 13000000 | U30: 65000000 | V30: 270 | W30: 5 | X30: =X$9*AB30 -> 7000000 | Y30: =Y$9*AB30 -> 28000000 | Z30: =Z$9*AB30 -> 21000000 | AA30: =AA$9*AB30 -> 14000000 | AB30: 70000000 | AC30: 290 | AD30: 3 | AE30: =SUMIF($J$12:$AB$12,AE$12,$J30:$AB30) -> 19500000 | AF30: =SUMIF($J$12:$AB$12,AF$12,$J30:$AB30) -> 78000000 | AG30: =SUMIF($J$12:$AB$12,AG$12,$J30:$AB30) -> 58500000 | AH30: =SUMIF($J$12:$AB$12,AH$12,$J30:$AB30) -> 39000000 | AI30: =SUMIF($J$12:$AB$12,AI$12,$J30:$AB30) -> 195000000 | AJ30: =SUMIF($J$11:$AD$11,AJ$11,$J30:$AD30) -> 830 | AK30: =SUMIF($J$11:$AD$11,AK$11,$J30:$AD30) -> 14 | AL30: =V30-O30 -> 0 | AM30: =AC30-V30 -> 20 | AN30: =P30-'[14]THÁNG 7'!L28 -> 0
A31: 5 | B31: TDV05 | C31: TDV Dân | D31: Huyện Ninh Giang, Huyện Tứ Kỳ, Huyện Bình Giang, Huyện Cẩm giàng,Huyện Thanh Miện,Huyện Gia Lộc, 1/2 TP Hải Dương(phường việt hòa,phường thanh bình,phường tứ minh, xã thạch khôi, việt hà, cẩm thượng,hải tân, p.tân bình,lê thanh nghị) | E31: Hải Dương 2 | F31: =SUMIF('[14]DS đạt từ T1-4'!$D:$D,'Quý 3,2025'!$C31,'[14]DS đạt từ T1-4'!$AI:$AI) -> 0 | G31: =SUMIF('[14]DS đạt từ T1-4'!$D:$D,'Quý 3,2025'!$C31,'[14]DS đạt từ T1-4'!$AN:$AN) -> 0 | H31: =SUMIF([14]T5!D:D,'Quý 3,2025'!C31,[14]T5!AF:AF) -> 0 | I31: =SUM(F31:H31)/$I$9 -> 0 | J31: =J$9*N31 -> 5000000 | K31: =K$9*N31 -> 20000000 | L31: =L$9*N31 -> 15000000 | M31: =M$9*N31 -> 10000000 | N31: 50000000 | O31: 180 | P31: 6 | Q31: =Q$9*U31 -> 5500000 | R31: =R$9*U31 -> 22000000 | S31: =S$9*U31 -> 16500000 | T31: =T$9*U31 -> 11000000 | U31: 55000000 | V31: 200 | W31: 6 | X31: =X$9*AB31 -> 5500000 | Y31: =Y$9*AB31 -> 22000000 | Z31: =Z$9*AB31 -> 16500000 | AA31: =AA$9*AB31 -> 11000000 | AB31: 55000000 | AC31: 245 | AD31: 5 | AE31: =SUMIF($J$12:$AB$12,AE$12,$J31:$AB31) -> 16000000 | AF31: =SUMIF($J$12:$AB$12,AF$12,$J31:$AB31) -> 64000000 | AG31: =SUMIF($J$12:$AB$12,AG$12,$J31:$AB31) -> 48000000 | AH31: =SUMIF($J$12:$AB$12,AH$12,$J31:$AB31) -> 32000000 | AI31: =SUMIF($J$12:$AB$12,AI$12,$J31:$AB31) -> 160000000 | AJ31: =SUMIF($J$11:$AD$11,AJ$11,$J31:$AD31) -> 625 | AK31: =SUMIF($J$11:$AD$11,AK$11,$J31:$AD31) -> 17 | AL31: =V31-O31 -> 20 | AM31: =AC31-V31 -> 45 | AN31: =P31-'[14]THÁNG 7'!L29 -> 0
A32: 6 | B32: TDV168 | C32: Đinh Quang Phúc | D32: TP Hạ Long, TP Cẩm Phả, TX Cửa Ông, H Vân Đồn | E32: Quảng Ninh 1 | F32: =SUMIF('[14]DS đạt từ T1-4'!$D:$D,'Quý 3,2025'!$C32,'[14]DS đạt từ T1-4'!$AI:$AI) -> 56947571 | G32: =SUMIF('[14]DS đạt từ T1-4'!$D:$D,'Quý 3,2025'!$C32,'[14]DS đạt từ T1-4'!$AN:$AN) -> 22177857 | H32: =SUMIF([14]T5!D:D,'Quý 3,2025'!C32,[14]T5!AF:AF) -> 36784571 | I32: =SUM(F32:H32)/$I$9 -> 38636667 | J32: =J$9*N32 -> 5500000 | K32: =K$9*N32 -> 22000000 | L32: =L$9*N32 -> 16500000 | M32: =M$9*N32 -> 11000000 | N32: 55000000 | O32: 170 | P32: 5 | Q32: =Q$9*U32 -> 6000000 | R32: =R$9*U32 -> 24000000 | S32: =S$9*U32 -> 18000000 | T32: =T$9*U32 -> 12000000 | U32: 60000000 | V32: 200 | W32: 4 | X32: =X$9*AB32 -> 6500000 | Y32: =Y$9*AB32 -> 26000000 | Z32: =Z$9*AB32 -> 19500000 | AA32: =AA$9*AB32 -> 13000000 | AB32: 65000000 | AC32: 220 | AD32: 4 | AE32: =SUMIF($J$12:$AB$12,AE$12,$J32:$AB32) -> 18000000 | AF32: =SUMIF($J$12:$AB$12,AF$12,$J32:$AB32) -> 72000000 | AG32: =SUMIF($J$12:$AB$12,AG$12,$J32:$AB32) -> 54000000 | AH32: =SUMIF($J$12:$AB$12,AH$12,$J32:$AB32) -> 36000000 | AI32: =SUMIF($J$12:$AB$12,AI$12,$J32:$AB32) -> 180000000 | AJ32: =SUMIF($J$11:$AD$11,AJ$11,$J32:$AD32) -> 590 | AK32: =SUMIF($J$11:$AD$11,AK$11,$J32:$AD32) -> 13 | AL32: =V32-O32 -> 30 | AM32: =AC32-V32 -> 20 | AN32: =P32-'[14]THÁNG 7'!L30 -> 0
A33: 7 | B33: TDV06 | C33: Nguyễn Văn Xuân | D33: TP Móng Cái, H Hải Hà, H Đầm Hà, H Tiên Yên, H Bình Liêu, H Ba Chẽ | E33: Quảng Ninh 2 | F33: =SUMIF('[14]DS đạt từ T1-4'!$D:$D,'Quý 3,2025'!$C33,'[14]DS đạt từ T1-4'!$AI:$AI) -> 9818809.5 | G33: =SUMIF('[14]DS đạt từ T1-4'!$D:$D,'Quý 3,2025'!$C33,'[14]DS đạt từ T1-4'!$AN:$AN) -> 7600000 | H33: =SUMIF([14]T5!D:D,'Quý 3,2025'!C33,[14]T5!AF:AF) -> 9682142.9 | I33: =SUM(F33:H33)/$I$9 -> 9033650.8 | J33: =J$9*N33 -> 5000000 | K33: =K$9*N33 -> 20000000 | L33: =L$9*N33 -> 15000000 | M33: =M$9*N33 -> 10000000 | N33: 50000000 | O33: 150 | P33: 4 | Q33: =Q$9*U33 -> 5500000 | R33: =R$9*U33 -> 22000000 | S33: =S$9*U33 -> 16500000 | T33: =T$9*U33 -> 11000000 | U33: 55000000 | V33: 180 | W33: 4 | X33: =X$9*AB33 -> 5500000 | Y33: =Y$9*AB33 -> 22000000 | Z33: =Z$9*AB33 -> 16500000 | AA33: =AA$9*AB33 -> 11000000 | AB33: 55000000 | AC33: 200 | AD33: 4 | AE33: =SUMIF($J$12:$AB$12,AE$12,$J33:$AB33) -> 16000000 | AF33: =SUMIF($J$12:$AB$12,AF$12,$J33:$AB33) -> 64000000 | AG33: =SUMIF($J$12:$AB$12,AG$12,$J33:$AB33) -> 48000000 | AH33: =SUMIF($J$12:$AB$12,AH$12,$J33:$AB33) -> 32000000 | AI33: =SUMIF($J$12:$AB$12,AI$12,$J33:$AB33) -> 160000000 | AJ33: =SUMIF($J$11:$AD$11,AJ$11,$J33:$AD33) -> 530 | AK33: =SUMIF($J$11:$AD$11,AK$11,$J33:$AD33) -> 12 | AL33: =V33-O33 -> 30 | AM33: =AC33-V33 -> 20 | AN33: =P33-'[14]THÁNG 7'!L31 -> 0
A34: QLBH3 | C34: Lê Văn Thành | F34: =SUM(F27:F33) -> 2.0895514e+08 | G34: =SUM(G27:G33) -> 1.7705424e+08 | H34: =SUM(H27:H33) -> 2.4657971e+08 | I34: =SUM(I27:I33) -> 2.1086303e+08 | J34: =SUM(J27:J33) -> 41000000 | K34: =SUM(K27:K33) -> 164000000 | L34: =SUM(L27:L33) -> 123000000 | M34: =SUM(M27:M33) -> 82000000 | ... AK34: =SUM(AK27:AK33) -> 85 | AL34: =V34-O34 -> 140 | AM34: =AC34-V34 -> 145 | AN34: =P34-'[14]THÁNG 7'!L32 -> 0
A35: 1 | B35: TDV188 | C35: Tuyển TDV mới | D35: Sông công, Phổ yên,phú bình,võ nhai,1/2Thành phố(P. tích lương, p.trung thành, p.trưng vương, p.túc duyên, x.cao ngạn, x.đồng liên, x.hống thượng, p.cam giá, p.chùa hang, p.đồng bẩm, p.đồng quang, p.gia sàng, p.hoàng văn thụ, p.hương sơn, p.phan đình phùng, p.phú xá, p.tân thành) | E35: Thái Nguyên 1 | F35: 51776143 | G35: 13790000 | H35: 35206429 | I35: =SUM(F35:H35)/$I$9 -> 33590857 | J35: =J$9*N35 -> 5000000 | K35: =K$9*N35 -> 20000000 | L35: =L$9*N35 -> 15000000 | M35: =M$9*N35 -> 10000000 | N35: 50000000 | O35: 250 | P35: 4 | Q35: =Q$9*U35 -> 5500000 | R35: =R$9*U35 -> 22000000 | S35: =S$9*U35 -> 16500000 | T35: =T$9*U35 -> 11000000 | U35: 55000000 | V35: 250 | W35: 3 | X35: =X$9*AB35 -> 6000000 | Y35: =Y$9*AB35 -> 24000000 | Z35: =Z$9*AB35 -> 18000000 | AA35: =AA$9*AB35 -> 12000000 | AB35: 60000000 | AC35: 250 | AD35: 2 | AE35: =SUMIF($J$12:$AB$12,AE$12,$J35:$AB35) -> 16500000 | AF35: =SUMIF($J$12:$AB$12,AF$12,$J35:$AB35) -> 66000000 | AG35: =SUMIF($J$12:$AB$12,AG$12,$J35:$AB35) -> 49500000 | AH35: =SUMIF($J$12:$AB$12,AH$12,$J35:$AB35) -> 33000000 | AI35: =SUMIF($J$12:$AB$12,AI$12,$J35:$AB35) -> 165000000 | AJ35: =SUMIF($J$11:$AD$11,AJ$11,$J35:$AD35) -> 750 | AK35: =SUMIF($J$11:$AD$11,AK$11,$J35:$AD35) -> 9 | AL35: =V35-O35 -> 0 | AM35: =AC35-V35 -> 0 | AN35: =P35-'[14]THÁNG 7'!L33 -> 0
A36: 2 | B36: TDV07 | C36: Phạm Đình Thăng | D36: Đại từ, phú lương, định hóa, đồng hỉ, 1/2 thành phố(p.thịnh đán, x.cao ngạn, x.linh sơn, x.phúc hà, x.phúc trìu, x.phúc xuân, x.quyết thắng, x.sơn cẩm, p.quang trung, p.quang vinh, p.quán triều, p.tân long, p.tân lập, p.tân thịnh) | E36: Thái Nguyên 2 | F36: =SUMIF('[14]DS đạt từ T1-4'!$D:$D,'Quý 3,2025'!$C36,'[14]DS đạt từ T1-4'!$AI:$AI) -> 51048571 | G36: =SUMIF('[14]DS đạt từ T1-4'!$D:$D,'Quý 3,2025'!$C36,'[14]DS đạt từ T1-4'!$AN:$AN) -> 20794286 | H36: =SUMIF([14]T5!D:D,'Quý 3,2025'!C36,[14]T5!AF:AF) -> 35833857 | I36: =SUM(F36:H36)/$I$9 -> 35892238 | J36: =J$9*N36 -> 5000000 | K36: =K$9*N36 -> 20000000 | L36: =L$9*N36 -> 15000000 | M36: =M$9*N36 -> 10000000 | N36: 50000000 | O36: 250 | P36: 3 | Q36: =Q$9*U36 -> 5500000 | R36: =R$9*U36 -> 22000000 | S36: =S$9*U36 -> 16500000 | T36: =T$9*U36 -> 11000000 | U36: 55000000 | V36: 250 | W36: 3 | X36: =X$9*AB36 -> 6000000 | Y36: =Y$9*AB36 -> 24000000 | Z36: =Z$9*AB36 -> 18000000 | AA36: =AA$9*AB36 -> 12000000 | AB36: 60000000 | AC36: 250 | AD36: 2 | AE36: =SUMIF($J$12:$AB$12,AE$12,$J36:$AB36) -> 16500000 | AF36: =SUMIF($J$12:$AB$12,AF$12,$J36:$AB36) -> 66000000 | AG36: =SUMIF($J$12:$AB$12,AG$12,$J36:$AB36) -> 49500000 | AH36: =SUMIF($J$12:$AB$12,AH$12,$J36:$AB36) -> 33000000 | AI36: =SUMIF($J$12:$AB$12,AI$12,$J36:$AB36) -> 165000000 | AJ36: =SUMIF($J$11:$AD$11,AJ$11,$J36:$AD36) -> 750 | AK36: =SUMIF($J$11:$AD$11,AK$11,$J36:$AD36) -> 8 | AL36: =V36-O36 -> 0 | AM36: =AC36-V36 -> 0 | AN36: =P36-'[14]THÁNG 7'!L34 -> 0
A37: 3 | B37: TDV033 | C37: Quách Đăng Khiêm | D37: Lạng Giang, Tân Yên, Việt Yên, Việt hòa, Thành phố | E37: Bắc Giang 1 | F37: =SUMIF('[14]DS đạt từ T1-4'!$D:$D,'Quý 3,2025'!$C37,'[14]DS đạt từ T1-4'!$AI:$AI) -> 68412381 | G37: =SUMIF('[14]DS đạt từ T1-4'!$D:$D,'Quý 3,2025'!$C37,'[14]DS đạt từ T1-4'!$AN:$AN) -> 80407190 | H37: =SUMIF([14]T5!D:D,'Quý 3,2025'!C37,[14]T5!AF:AF) -> 82926381 | I37: =SUM(F37:H37)/$I$9 -> 77248651 | J37: =J$9*N37 -> 8000000 | K37: =K$9*N37 -> 32000000 | L37: =L$9*N37 -> 24000000 | M37: =M$9*N37 -> 16000000 | N37: 80000000 | O37: 300 | P37: 3 | Q37: =Q$9*U37 -> 8000000 | R37: =R$9*U37 -> 32000000 | S37: =S$9*U37 -> 24000000 | T37: =T$9*U37 -> 16000000 | U37: 80000000 | V37: 320 | W37: 2 | X37: =X$9*AB37 -> 8500000 | Y37: =Y$9*AB37 -> 34000000 | Z37: =Z$9*AB37 -> 25500000 | AA37: =AA$9*AB37 -> 17000000 | AB37: 85000000 | AC37: 330 | AD37: 2 | AE37: =SUMIF($J$12:$AB$12,AE$12,$J37:$AB37) -> 24500000 | AF37: =SUMIF($J$12:$AB$12,AF$12,$J37:$AB37) -> 98000000 | AG37: =SUMIF($J$12:$AB$12,AG$12,$J37:$AB37) -> 73500000 | AH37: =SUMIF($J$12:$AB$12,AH$12,$J37:$AB37) -> 49000000 | AI37: =SUMIF($J$12:$AB$12,AI$12,$J37:$AB37) -> 245000000 | AJ37: =SUMIF($J$11:$AD$11,AJ$11,$J37:$AD37) -> 950 | AK37: =SUMIF($J$11:$AD$11,AK$11,$J37:$AD37) -> 7 | AL37: =V37-O37 -> 20 | AM37: =AC37-V37 -> 10 | AN37: =P37-'[14]THÁNG 7'!L35 -> 0
A38: 4 | B38: TDV08 | C38: Trần Thị Anh Thương | D38: Lục Nam, Lục Ngạn, Yên Dũng, Sơn Động, Thành phố | E38: Bắc Giang 2 | F38: =SUMIF('[14]DS đạt từ T1-4'!$D:$D,'Quý 3,2025'!$C38,'[14]DS đạt từ T1-4'!$AI:$AI) -> 0 | G38: =SUMIF('[14]DS đạt từ T1-4'!$D:$D,'Quý 3,2025'!$C38,'[14]DS đạt từ T1-4'!$AN:$AN) -> 0 | H38: =SUMIF([14]T5!D:D,'Quý 3,2025'!C38,[14]T5!AF:AF) -> 11315714 | I38: =SUM(F38:H38)/$I$9 -> 3771904.8 | J38: =J$9*N38 -> 3000000 | K38: =K$9*N38 -> 12000000 | L38: =L$9*N38 -> 9000000 | M38: =M$9*N38 -> 6000000 | N38: 30000000 | O38: 150 | P38: 3 | Q38: =Q$9*U38 -> 3000000 | R38: =R$9*U38 -> 12000000 | S38: =S$9*U38 -> 9000000 | T38: =T$9*U38 -> 6000000 | U38: 30000000 | V38: 180 | W38: 3 | X38: =X$9*AB38 -> 3500000 | Y38: =Y$9*AB38 -> 14000000 | Z38: =Z$9*AB38 -> 10500000 | AA38: =AA$9*AB38 -> 7000000 | AB38: 35000000 | AC38: 200 | AD38: 3 | AE38: =SUMIF($J$12:$AB$12,AE$12,$J38:$AB38) -> 9500000 | AF38: =SUMIF($J$12:$AB$12,AF$12,$J38:$AB38) -> 38000000 | AG38: =SUMIF($J$12:$AB$12,AG$12,$J38:$AB38) -> 28500000 | AH38: =SUMIF($J$12:$AB$12,AH$12,$J38:$AB38) -> 19000000 | AI38: =SUMIF($J$12:$AB$12,AI$12,$J38:$AB38) -> 95000000 | AJ38: =SUMIF($J$11:$AD$11,AJ$11,$J38:$AD38) -> 530 | AK38: =SUMIF($J$11:$AD$11,AK$11,$J38:$AD38) -> 9 | AL38: =V38-O38 -> 30 | AM38: =AC38-V38 -> 20 | AN38: =P38-'[14]THÁNG 7'!L36 -> 0
A39: 5 | B39: TDV09 | C39: Phạm Thị Cúc | D39: Toàn tỉnh | E39: Lạng Sơn | F39: =SUMIF('[14]DS đạt từ T1-4'!$D:$D,'Quý 3,2025'!$C39,'[14]DS đạt từ T1-4'!$AI:$AI) -> 38598143 | G39: =SUMIF('[14]DS đạt từ T1-4'!$D:$D,'Quý 3,2025'!$C39,'[14]DS đạt từ T1-4'!$AN:$AN) -> 1028571.4 | H39: =SUMIF([14]T5!D:D,'Quý 3,2025'!C39,[14]T5!AF:AF) -> 17607429 | I39: =SUM(F39:H39)/$I$9 -> 19078048 | J39: =J$9*N39 -> 3000000 | K39: =K$9*N39 -> 12000000 | L39: =L$9*N39 -> 9000000 | M39: =M$9*N39 -> 6000000 | N39: 30000000 | O39: 150 | P39: 3 | Q39: =Q$9*U39 -> 3000000 | R39: =R$9*U39 -> 12000000 | S39: =S$9*U39 -> 9000000 | T39: =T$9*U39 -> 6000000 | U39: 30000000 | V39: 180 | W39: 3 | X39: =X$9*AB39 -> 3500000 | Y39: =Y$9*AB39 -> 14000000 | Z39: =Z$9*AB39 -> 10500000 | AA39: =AA$9*AB39 -> 7000000 | AB39: 35000000 | AC39: 200 | AD39: 2 | AE39: =SUMIF($J$12:$AB$12,AE$12,$J39:$AB39) -> 9500000 | AF39: =SUMIF($J$12:$AB$12,AF$12,$J39:$AB39) -> 38000000 | AG39: =SUMIF($J$12:$AB$12,AG$12,$J39:$AB39) -> 28500000 | AH39: =SUMIF($J$12:$AB$12,AH$12,$J39:$AB39) -> 19000000 | AI39: =SUMIF($J$12:$AB$12,AI$12,$J39:$AB39) -> 95000000 | AJ39: =SUMIF($J$11:$AD$11,AJ$11,$J39:$AD39) -> 530 | AK39: =SUMIF($J$11:$AD$11,AK$11,$J39:$AD39) -> 8 | AL39: =V39-O39 -> 30 | AM39: =AC39-V39 -> 20 | AN39: =P39-'[14]THÁNG 7'!L37 -> 0
A40: 6 | B40: TDV121 | C40: Lý quốc thắng | D40: Toàn tỉnh | E40: Cao bằng | F40: =SUMIF('[14]DS đạt từ T1-4'!$D:$D,'Quý 3,2025'!$C40,'[14]DS đạt từ T1-4'!$AI:$AI) -> 23716429 | G40: =SUMIF('[14]DS đạt từ T1-4'!$D:$D,'Quý 3,2025'!$C40,'[14]DS đạt từ T1-4'!$AN:$AN) -> 7000000 | H40: =SUMIF([14]T5!D:D,'Quý 3,2025'!C40,[14]T5!AF:AF) -> 33214524 | I40: =SUM(F40:H40)/$I$9 -> 21310317 | J40: =J$9*N40 -> 3000000 | K40: =K$9*N40 -> 12000000 | L40: =L$9*N40 -> 9000000 | M40: =M$9*N40 -> 6000000 | N40: 30000000 | O40: 150 | P40: 3 | Q40: =Q$9*U40 -> 3000000 | R40: =R$9*U40 -> 12000000 | S40: =S$9*U40 -> 9000000 | T40: =T$9*U40 -> 6000000 | U40: 30000000 | V40: 150 | W40: 3 | X40: =X$9*AB40 -> 3500000 | Y40: =Y$9*AB40 -> 14000000 | Z40: =Z$9*AB40 -> 10500000 | AA40: =AA$9*AB40 -> 7000000 | AB40: 35000000 | AC40: 170 | AD40: 2 | AE40: =SUMIF($J$12:$AB$12,AE$12,$J40:$AB40) -> 9500000 | AF40: =SUMIF($J$12:$AB$12,AF$12,$J40:$AB40) -> 38000000 | AG40: =SUMIF($J$12:$AB$12,AG$12,$J40:$AB40) -> 28500000 | AH40: =SUMIF($J$12:$AB$12,AH$12,$J40:$AB40) -> 19000000 | AI40: =SUMIF($J$12:$AB$12,AI$12,$J40:$AB40) -> 95000000 | AJ40: =SUMIF($J$11:$AD$11,AJ$11,$J40:$AD40) -> 470 | AK40: =SUMIF($J$11:$AD$11,AK$11,$J40:$AD40) -> 8 | AL40: =V40-O40 -> 0 | AM40: =AC40-V40 -> 20 | AN40: =P40-'[14]THÁNG 7'!L38 -> 0
A41: 7 | B41: TDV10 | C41: Tuyển TDV mới | D41: Toàn tỉnh | E41: Bắc Cạn | F41: =SUMIF('[14]DS đạt từ T1-4'!$D:$D,'Quý 3,2025'!$C41,'[14]DS đạt từ T1-4'!$AI:$AI) -> 0 | G41: =SUMIF('[14]DS đạt từ T1-4'!$D:$D,'Quý 3,2025'!$C41,'[14]DS đạt từ T1-4'!$AN:$AN) -> 0 | H41: =SUMIF([14]T5!D:D,'Quý 3,2025'!C41,[14]T5!AF:AF) -> 0 | I41: =SUM(F41:H41)/$I$9 -> 0 | J41: =J$9*N41 -> 3000000 | K41: =K$9*N41 -> 12000000 | L41: =L$9*N41 -> 9000000 | M41: =M$9*N41 -> 6000000 | N41: 30000000 | O41: 50 | P41: 3 | Q41: =Q$9*U41 -> 3000000 | R41: =R$9*U41 -> 12000000 | S41: =S$9*U41 -> 9000000 | T41: =T$9*U41 -> 6000000 | U41: 30000000 | V41: 50 | W41: 3 | X41: =X$9*AB41 -> 3500000 | Y41: =Y$9*AB41 -> 14000000 | Z41: =Z$9*AB41 -> 10500000 | AA41: =AA$9*AB41 -> 7000000 | AB41: 35000000 | AC41: 50 | AD41: 3 | AE41: =SUMIF($J$12:$AB$12,AE$12,$J41:$AB41) -> 9500000 | AF41: =SUMIF($J$12:$AB$12,AF$12,$J41:$AB41) -> 38000000 | AG41: =SUMIF($J$12:$AB$12,AG$12,$J41:$AB41) -> 28500000 | AH41: =SUMIF($J$12:$AB$12,AH$12,$J41:$AB41) -> 19000000 | AI41: =SUMIF($J$12:$AB$12,AI$12,$J41:$AB41) -> 95000000 | AJ41: =SUMIF($J$11:$AD$11,AJ$11,$J41:$AD41) -> 150 | AK41: =SUMIF($J$11:$AD$11,AK$11,$J41:$AD41) -> 9 | AL41: =V41-O41 -> 0 | AM41: =AC41-V41 -> 0 | AN41: =P41-'[14]THÁNG 7'!L39 -> 0
A42: 8 | B42: TDV042 | C42: Nguyễn Văn Thành | D42: Toàn tỉnh | E42: Bắc Ninh | F42: =SUMIF('[14]DS đạt từ T1-4'!$D:$D,'Quý 3,2025'!$C42,'[14]DS đạt từ T1-4'!$AI:$AI) -> 90142000 | G42: =SUMIF('[14]DS đạt từ T1-4'!$D:$D,'Quý 3,2025'!$C42,'[14]DS đạt từ T1-4'!$AN:$AN) -> 97004000 | H42: =SUMIF([14]T5!D:D,'Quý 3,2025'!C42,[14]T5!AF:AF) -> 96512000 | I42: =SUM(F42:H42)/$I$9 -> 94552667 | J42: =J$9*N42 -> 8000000 | K42: =K$9*N42 -> 32000000 | L42: =L$9*N42 -> 24000000 | M42: =M$9*N42 -> 16000000 | N42: 80000000 | Q42: =Q$9*U42 -> 8000000 | R42: =R$9*U42 -> 32000000 | S42: =S$9*U42 -> 24000000 | T42: =T$9*U42 -> 16000000 | U42: 80000000 | X42: =X$9*AB42 -> 8000000 | Y42: =Y$9*AB42 -> 32000000 | Z42: =Z$9*AB42 -> 24000000 | AA42: =AA$9*AB42 -> 16000000 | AB42: 80000000 | AE42: =SUMIF($J$12:$AB$12,AE$12,$J42:$AB42) -> 24000000 | AF42: =SUMIF($J$12:$AB$12,AF$12,$J42:$AB42) -> 96000000 | AG42: =SUMIF($J$12:$AB$12,AG$12,$J42:$AB42) -> 72000000 | AH42: =SUMIF($J$12:$AB$12,AH$12,$J42:$AB42) -> 48000000 | AI42: =SUMIF($J$12:$AB$12,AI$12,$J42:$AB42) -> 240000000 | AJ42: =SUMIF($J$11:$AD$11,AJ$11,$J42:$AD42) -> 0 | AK42: =SUMIF($J$11:$AD$11,AK$11,$J42:$AD42) -> 0 | AL42: =V42-O42 -> 0 | AM42: =AC42-V42 -> 0 | AN42: =P42-'[14]THÁNG 7'!L40 -> 0
A43: 9 | B43: TDV043 | C43: Nguyễn Hữu Dũng | D43: Toàn tỉnh | E43: Bắc Ninh | F43: 33368571 | G43: =SUMIF('[14]DS đạt từ T1-4'!$D:$D,'Quý 3,2025'!$C43,'[14]DS đạt từ T1-4'!$AN:$AN) -> 0 | H43: =SUMIF([14]T5!D:D,'Quý 3,2025'!C43,[14]T5!AF:AF) -> 14682857 | I43: =SUM(F43:H43)/$I$9 -> 16017143 | J43: =J$9*N43 -> 3000000 | K43: =K$9*N43 -> 12000000 | L43: =L$9*N43 -> 9000000 | M43: =M$9*N43 -> 6000000 | N43: 30000000 | O43: 150 | P43: 5 | Q43: =Q$9*U43 -> 3500000 | R43: =R$9*U43 -> 14000000 | S43: =S$9*U43 -> 10500000 | T43: =T$9*U43 -> 7000000 | U43: 35000000 | V43: 170 | W43: 4 | X43: =X$9*AB43 -> 4000000 | Y43: =Y$9*AB43 -> 16000000 | Z43: =Z$9*AB43 -> 12000000 | AA43: =AA$9*AB43 -> 8000000 | AB43: 40000000 | AC43: 230 | AD43: 4 | AE43: =SUMIF($J$12:$AB$12,AE$12,$J43:$AB43) -> 10500000 | AF43: =SUMIF($J$12:$AB$12,AF$12,$J43:$AB43) -> 42000000 | AG43: =SUMIF($J$12:$AB$12,AG$12,$J43:$AB43) -> 31500000 | AH43: =SUMIF($J$12:$AB$12,AH$12,$J43:$AB43) -> 21000000 | AI43: =SUMIF($J$12:$AB$12,AI$12,$J43:$AB43) -> 105000000 | AJ43: =SUMIF($J$11:$AD$11,AJ$11,$J43:$AD43) -> 550 | AK43: =SUMIF($J$11:$AD$11,AK$11,$J43:$AD43) -> 13 | AL43: =V43-O43 -> 20 | AM43: =AC43-V43 -> 60 | AN43: =P43-'[14]THÁNG 7'!L41 -> 0
A44: QLBH4 | C44: Nguyễn Trần Cổn | F44: =SUM(F35:F43) -> 3.5706224e+08 | G44: =SUM(G35:G43) -> 2.2002405e+08 | H44: =SUM(H35:H43) -> 3.2729919e+08 | I44: =SUM(I35:I43) -> 3.0146183e+08 | J44: =SUM(J35:J43) -> 41000000 | K44: =SUM(K35:K43) -> 164000000 | L44: =SUM(L35:L43) -> 123000000 | M44: =SUM(M35:M43) -> 82000000 | ... AK44: =SUM(AK35:AK43) -> 71 | AL44: =V44-O44 -> 100 | AM44: =AC44-V44 -> 130 | AN44: =P44-'[14]THÁNG 7'!L42 -> 0
A45: 1 | B45: TDV189 | C45: Nguyễn Duy Thành | D45: Toàn tỉnh | E45: Sơn La | F45: =SUMIF('[14]DS đạt từ T1-4'!$D:$D,'Quý 3,2025'!$C45,'[14]DS đạt từ T1-4'!$AI:$AI) -> 40643857 | G45: =SUMIF('[14]DS đạt từ T1-4'!$D:$D,'Quý 3,2025'!$C45,'[14]DS đạt từ T1-4'!$AN:$AN) -> 15090143 | H45: =SUMIF([14]T5!D:D,'Quý 3,2025'!C45,[14]T5!AF:AF) -> 32132619 | I45: =SUM(F45:H45)/$I$9 -> 29288873 | J45: =J$9*N45 -> 6000000 | K45: =K$9*N45 -> 24000000 | L45: =L$9*N45 -> 18000000 | M45: =M$9*N45 -> 12000000 | N45: 60000000 | O45: 220 | P45: 4 | Q45: =Q$9*U45 -> 6500000 | R45: =R$9*U45 -> 26000000 | S45: =S$9*U45 -> 19500000 | T45: =T$9*U45 -> 13000000 | U45: 65000000 | V45: 220 | W45: 3 | X45: =X$9*AB45 -> 7000000 | Y45: =Y$9*AB45 -> 28000000 | Z45: =Z$9*AB45 -> 21000000 | AA45: =AA$9*AB45 -> 14000000 | AB45: 70000000 | AC45: 240 | AD45: 3 | AE45: =SUMIF($J$12:$AB$12,AE$12,$J45:$AB45) -> 19500000 | AF45: =SUMIF($J$12:$AB$12,AF$12,$J45:$AB45) -> 78000000 | AG45: =SUMIF($J$12:$AB$12,AG$12,$J45:$AB45) -> 58500000 | AH45: =SUMIF($J$12:$AB$12,AH$12,$J45:$AB45) -> 39000000 | AI45: =SUMIF($J$12:$AB$12,AI$12,$J45:$AB45) -> 195000000 | AJ45: =SUMIF($J$11:$AD$11,AJ$11,$J45:$AD45) -> 680 | AK45: =SUMIF($J$11:$AD$11,AK$11,$J45:$AD45) -> 10 | AL45: =V45-O45 -> 0 | AM45: =AC45-V45 -> 20 | AN45: =P45-'[14]THÁNG 7'!L43 -> 0
A46: 2 | B46: TDV172 | C46: Tuyển TDV mới | D46: Toàn tỉnh | E46: Lai châu | F46: 2976000 | G46: 4290000 | H46: =SUMIF([14]T5!D:D,'Quý 3,2025'!C46,[14]T5!AF:AF) -> 0 | I46: =SUM(F46:H46)/$I$9 -> 2422000 | J46: =J$9*N46 -> 3000000 | K46: =K$9*N46 -> 12000000 | L46: =L$9*N46 -> 9000000 | M46: =M$9*N46 -> 6000000 | N46: 30000000 | O46: 30 | P46: 2 | Q46: =Q$9*U46 -> 3000000 | R46: =R$9*U46 -> 12000000 | S46: =S$9*U46 -> 9000000 | T46: =T$9*U46 -> 6000000 | U46: 30000000 | V46: 30 | W46: 2 | X46: =X$9*AB46 -> 3500000 | Y46: =Y$9*AB46 -> 14000000 | Z46: =Z$9*AB46 -> 10500000 | AA46: =AA$9*AB46 -> 7000000 | AB46: 35000000 | AC46: 30 | AD46: 2 | AE46: =SUMIF($J$12:$AB$12,AE$12,$J46:$AB46) -> 9500000 | AF46: =SUMIF($J$12:$AB$12,AF$12,$J46:$AB46) -> 38000000 | AG46: =SUMIF($J$12:$AB$12,AG$12,$J46:$AB46) -> 28500000 | AH46: =SUMIF($J$12:$AB$12,AH$12,$J46:$AB46) -> 19000000 | AI46: =SUMIF($J$12:$AB$12,AI$12,$J46:$AB46) -> 95000000 | AJ46: =SUMIF($J$11:$AD$11,AJ$11,$J46:$AD46) -> 90 | AK46: =SUMIF($J$11:$AD$11,AK$11,$J46:$AD46) -> 6 | AL46: =V46-O46 -> 0 | AM46: =AC46-V46 -> 0 | AN46: =P46-'[14]THÁNG 7'!L44 -> 0
A47: 3 | B47: TDV11 | C47: Tuyển TDV mới | D47: Toàn tỉnh | E47: Điện Biên | F47: =SUMIF('[14]DS đạt từ T1-4'!$D:$D,'Quý 3,2025'!$C47,'[14]DS đạt từ T1-4'!$AI:$AI) -> 0 | G47: =SUMIF('[14]DS đạt từ T1-4'!$D:$D,'Quý 3,2025'!$C47,'[14]DS đạt từ T1-4'!$AN:$AN) -> 0 | H47: =SUMIF([14]T5!D:D,'Quý 3,2025'!C47,[14]T5!AF:AF) -> 0 | I47: =SUM(F47:H47)/$I$9 -> 0 | J47: =J$9*N47 -> 3000000 | K47: =K$9*N47 -> 12000000 | L47: =L$9*N47 -> 9000000 | M47: =M$9*N47 -> 6000000 | N47: 30000000 | O47: 50 | P47: 2 | Q47: =Q$9*U47 -> 3000000 | R47: =R$9*U47 -> 12000000 | S47: =S$9*U47 -> 9000000 | T47: =T$9*U47 -> 6000000 | U47: 30000000 | V47: 50 | W47: 2 | X47: =X$9*AB47 -> 3500000 | Y47: =Y$9*AB47 -> 14000000 | Z47: =Z$9*AB47 -> 10500000 | AA47: =AA$9*AB47 -> 7000000 | AB47: 35000000 | AC47: 50 | AD47: 2 | AE47: =SUMIF($J$12:$AB$12,AE$12,$J47:$AB47) -> 9500000 | AF47: =SUMIF($J$12:$AB$12,AF$12,$J47:$AB47) -> 38000000 | AG47: =SUMIF($J$12:$AB$12,AG$12,$J47:$AB47) -> 28500000 | AH47: =SUMIF($J$12:$AB$12,AH$12,$J47:$AB47) -> 19000000 | AI47: =SUMIF($J$12:$AB$12,AI$12,$J47:$AB47) -> 95000000 | AJ47: =SUMIF($J$11:$AD$11,AJ$11,$J47:$AD47) -> 150 | AK47: =SUMIF($J$11:$AD$11,AK$11,$J47:$AD47) -> 6 | AL47: =V47-O47 -> 0 | AM47: =AC47-V47 -> 0 | AN47: =P47-'[14]THÁNG 7'!L45 -> 0
A48: 4 | B48: TDV12 | C48: Tuyển TDV mới | D48: H.Văn Lâm,H. Văn Giang,H. Yên Mỹ,H. Mỹ Hào | E48: Hưng Yên 1 | F48: =SUMIF('[14]DS đạt từ T1-4'!$D:$D,'Quý 3,2025'!$C48,'[14]DS đạt từ T1-4'!$AI:$AI) -> 0 | G48: =SUMIF('[14]DS đạt từ T1-4'!$D:$D,'Quý 3,2025'!$C48,'[14]DS đạt từ T1-4'!$AN:$AN) -> 0 | H48: 2067142.9 | I48: =SUM(F48:H48)/$I$9 -> 689047.62 | J48: =J$9*N48 -> 3000000 | K48: =K$9*N48 -> 12000000 | L48: =L$9*N48 -> 9000000 | M48: =M$9*N48 -> 6000000 | N48: 30000000 | O48: 100 | P48: 5 | Q48: =Q$9*U48 -> 3000000 | R48: =R$9*U48 -> 12000000 | S48: =S$9*U48 -> 9000000 | T48: =T$9*U48 -> 6000000 | U48: 30000000 | V48: 100 | W48: 5 | X48: =X$9*AB48 -> 3500000 | Y48: =Y$9*AB48 -> 14000000 | Z48: =Z$9*AB48 -> 10500000 | AA48: =AA$9*AB48 -> 7000000 | AB48: 35000000 | AC48: 120 | AD48: 3 | AE48: =SUMIF($J$12:$AB$12,AE$12,$J48:$AB48) -> 9500000 | AF48: =SUMIF($J$12:$AB$12,AF$12,$J48:$AB48) -> 38000000 | AG48: =SUMIF($J$12:$AB$12,AG$12,$J48:$AB48) -> 28500000 | AH48: =SUMIF($J$12:$AB$12,AH$12,$J48:$AB48) -> 19000000 | AI48: =SUMIF($J$12:$AB$12,AI$12,$J48:$AB48) -> 95000000 | AJ48: =SUMIF($J$11:$AD$11,AJ$11,$J48:$AD48) -> 320 | AK48: =SUMIF($J$11:$AD$11,AK$11,$J48:$AD48) -> 13 | AL48: =V48-O48 -> 0 | AM48: =AC48-V48 -> 20 | AN48: =P48-'[14]THÁNG 7'!L46 -> 0
A49: 5 | B49: TDV169 | C49: Nguyễn Quang Huy | D49: H.Tiên Lữ,H. Ân Thi,H. Phù Cừ,H. Kim Động, Thành Phố Hưng Yên,H. Khoái Châu | E49: Hưng Yên 2 | F49: =SUMIF('[14]DS đạt từ T1-4'!$D:$D,'Quý 3,2025'!$C49,'[14]DS đạt từ T1-4'!$AI:$AI) -> 59398286 | G49: =SUMIF('[14]DS đạt từ T1-4'!$D:$D,'Quý 3,2025'!$C49,'[14]DS đạt từ T1-4'!$AN:$AN) -> 25261429 | H49: =SUMIF([14]T5!D:D,'Quý 3,2025'!C49,[14]T5!AF:AF) -> 24596143 | I49: =SUM(F49:H49)/$I$9 -> 36418619 | J49: =J$9*N49 -> 6000000 | K49: =K$9*N49 -> 24000000 | L49: =L$9*N49 -> 18000000 | M49: =M$9*N49 -> 12000000 | N49: 60000000 | O49: 280 | P49: 5 | Q49: =Q$9*U49 -> 6500000 | R49: =R$9*U49 -> 26000000 | S49: =S$9*U49 -> 19500000 | T49: =T$9*U49 -> 13000000 | U49: 65000000 | V49: 300 | W49: 4 | X49: =X$9*AB49 -> 6500000 | Y49: =Y$9*AB49 -> 26000000 | Z49: =Z$9*AB49 -> 19500000 | AA49: =AA$9*AB49 -> 13000000 | AB49: 65000000 | AC49: 320 | AD49: 3 | AE49: =SUMIF($J$12:$AB$12,AE$12,$J49:$AB49) -> 19000000 | AF49: =SUMIF($J$12:$AB$12,AF$12,$J49:$AB49) -> 76000000 | AG49: =SUMIF($J$12:$AB$12,AG$12,$J49:$AB49) -> 57000000 | AH49: =SUMIF($J$12:$AB$12,AH$12,$J49:$AB49) -> 38000000 | AI49: =SUMIF($J$12:$AB$12,AI$12,$J49:$AB49) -> 190000000 | AJ49: =SUMIF($J$11:$AD$11,AJ$11,$J49:$AD49) -> 900 | AK49: =SUMIF($J$11:$AD$11,AK$11,$J49:$AD49) -> 12 | AL49: =V49-O49 -> 20 | AM49: =AC49-V49 -> 20 | AN49: =P49-'[14]THÁNG 7'!L47 -> 0
A50: 6 | B50: TDV001 | C50: Cao xuấn Tuấn | D50: Toàn Tỉnh | E50: Hà nam | F50: =SUMIF('[14]DS đạt từ T1-4'!$D:$D,'Quý 3,2025'!$C50,'[14]DS đạt từ T1-4'!$AI:$AI) -> 0 | G50: =SUMIF('[14]DS đạt từ T1-4'!$D:$D,'Quý 3,2025'!$C50,'[14]DS đạt từ T1-4'!$AN:$AN) -> 0 | H50: =SUMIF([14]T5!D:D,'Quý 3,2025'!C50,[14]T5!AF:AF) -> 80460571 | I50: =SUM(F50:H50)/$I$9 -> 26820190 | J50: =J$9*N50 -> 9000000 | K50: =K$9*N50 -> 36000000 | L50: =L$9*N50 -> 27000000 | M50: =M$9*N50 -> 18000000 | N50: 90000000 | O50: 350 | P50: 4 | Q50: =Q$9*U50 -> 9500000 | R50: =R$9*U50 -> 38000000 | S50: =S$9*U50 -> 28500000 | T50: =T$9*U50 -> 19000000 | U50: 95000000 | V50: 370 | W50: 4 | X50: =X$9*AB50 -> 10000000 | Y50: =Y$9*AB50 -> 40000000 | Z50: =Z$9*AB50 -> 30000000 | AA50: =AA$9*AB50 -> 20000000 | AB50: 100000000 | AC50: 390 | AD50: 3 | AE50: =SUMIF($J$12:$AB$12,AE$12,$J50:$AB50) -> 28500000 | AF50: =SUMIF($J$12:$AB$12,AF$12,$J50:$AB50) -> 114000000 | AG50: =SUMIF($J$12:$AB$12,AG$12,$J50:$AB50) -> 85500000 | AH50: =SUMIF($J$12:$AB$12,AH$12,$J50:$AB50) -> 57000000 | AI50: =SUMIF($J$12:$AB$12,AI$12,$J50:$AB50) -> 285000000 | AJ50: =SUMIF($J$11:$AD$11,AJ$11,$J50:$AD50) -> 1110 | AK50: =SUMIF($J$11:$AD$11,AK$11,$J50:$AD50) -> 11 | AL50: =V50-O50 -> 20 | AM50: =AC50-V50 -> 20 | AN50: =P50-'[14]THÁNG 7'!L48 -> 0
A51: 7 | B51: TDV014 | C51: Bùi Văn Hưng | D51: Lạc Sơn, Yên Thủy, Tân Lạc, Lạc Thủy | E51: Hòa Bình 1 | F51: =SUMIF('[14]DS đạt từ T1-4'!$D:$D,'Quý 3,2025'!$C51,'[14]DS đạt từ T1-4'!$AI:$AI) -> 17505000 | G51: =SUMIF('[14]DS đạt từ T1-4'!$D:$D,'Quý 3,2025'!$C51,'[14]DS đạt từ T1-4'!$AN:$AN) -> 0 | H51: =SUMIF([14]T5!D:D,'Quý 3,2025'!C51,[14]T5!AF:AF) -> 56779905 | I51: =SUM(F51:H51)/$I$9 -> 24761635 | J51: =J$9*N51 -> 5500000 | K51: =K$9*N51 -> 22000000 | L51: =L$9*N51 -> 16500000 | M51: =M$9*N51 -> 11000000 | N51: 55000000 | O51: 160 | P51: 1 | Q51: =Q$9*U51 -> 5500000 | R51: =R$9*U51 -> 22000000 | S51: =S$9*U51 -> 16500000 | T51: =T$9*U51 -> 11000000 | U51: 55000000 | V51: 170 | W51: 1 | X51: =X$9*AB51 -> 6000000 | Y51: =Y$9*AB51 -> 24000000 | Z51: =Z$9*AB51 -> 18000000 | AA51: =AA$9*AB51 -> 12000000 | AB51: 60000000 | AC51: 190 | AD51: 1 | AE51: =SUMIF($J$12:$AB$12,AE$12,$J51:$AB51) -> 17000000 | AF51: =SUMIF($J$12:$AB$12,AF$12,$J51:$AB51) -> 68000000 | AG51: =SUMIF($J$12:$AB$12,AG$12,$J51:$AB51) -> 51000000 | AH51: =SUMIF($J$12:$AB$12,AH$12,$J51:$AB51) -> 34000000 | AI51: =SUMIF($J$12:$AB$12,AI$12,$J51:$AB51) -> 170000000 | AJ51: =SUMIF($J$11:$AD$11,AJ$11,$J51:$AD51) -> 520 | AK51: =SUMIF($J$11:$AD$11,AK$11,$J51:$AD51) -> 3 | AL51: =V51-O51 -> 10 | AM51: =AC51-V51 -> 20 | AN51: =P51-'[14]THÁNG 7'!L49 -> 0
A52: 8 | B52: TDV13 | C52: Nguyễn Thùy Dương | E52: Hòa Bình 2 | F52: =SUMIF('[14]DS đạt từ T1-4'!$D:$D,'Quý 3,2025'!$C52,'[14]DS đạt từ T1-4'!$AI:$AI) -> 0 | G52: =SUMIF('[14]DS đạt từ T1-4'!$D:$D,'Quý 3,2025'!$C52,'[14]DS đạt từ T1-4'!$AN:$AN) -> 34253571 | H52: =SUMIF([14]T5!D:D,'Quý 3,2025'!C52,[14]T5!AF:AF) -> 10286429 | I52: =SUM(F52:H52)/$I$9 -> 14846667 | J52: =J$9*N52 -> 3000000 | K52: =K$9*N52 -> 12000000 | L52: =L$9*N52 -> 9000000 | M52: =M$9*N52 -> 6000000 | N52: 30000000 | O52: 100 | P52: 3 | Q52: =Q$9*U52 -> 3500000 | R52: =R$9*U52 -> 14000000 | S52: =S$9*U52 -> 10500000 | T52: =T$9*U52 -> 7000000 | U52: 35000000 | V52: 170 | W52: 3 | X52: =X$9*AB52 -> 4000000 | Y52: =Y$9*AB52 -> 16000000 | Z52: =Z$9*AB52 -> 12000000 | AA52: =AA$9*AB52 -> 8000000 | AB52: 40000000 | AC52: 180 | AD52: 3 | AE52: =SUMIF($J$12:$AB$12,AE$12,$J52:$AB52) -> 10500000 | AF52: =SUMIF($J$12:$AB$12,AF$12,$J52:$AB52) -> 42000000 | AG52: =SUMIF($J$12:$AB$12,AG$12,$J52:$AB52) -> 31500000 | AH52: =SUMIF($J$12:$AB$12,AH$12,$J52:$AB52) -> 21000000 | AI52: =SUMIF($J$12:$AB$12,AI$12,$J52:$AB52) -> 105000000 | AJ52: =SUMIF($J$11:$AD$11,AJ$11,$J52:$AD52) -> 450 | AK52: =SUMIF($J$11:$AD$11,AK$11,$J52:$AD52) -> 9 | AL52: =V52-O52 -> 70 | AM52: =AC52-V52 -> 10 | AN52: =P52-'[14]THÁNG 7'!L50 -> 0
A53: QLBH5 | F53: =SUM(F45:F52) -> 1.2052314e+08 | G53: =SUM(G45:G52) -> 78895143 | H53: =SUM(H45:H52) -> 2.0632281e+08 | I53: =SUM(I45:I52) -> 1.3524703e+08 | J53: =SUM(J45:J52) -> 38500000 | K53: =SUM(K45:K52) -> 154000000 | L53: =SUM(L45:L52) -> 115500000 | M53: =SUM(M45:M52) -> 77000000 | ... AK53: =SUM(AK45:AK52) -> 70 | AL53: =V53-O53 -> 120 | AM53: =AC53-V53 -> 110 | AN53: =P53-'[14]THÁNG 7'!L51 -> 0
A54: 1 | B54: TDV14 | C54: Nguyễn Thị Nguyên | D54: H. Nam Trực,H. Nghĩa Hưng,H. Hải Hậu,H. Xuân Trường,H. Giao Thuỷ | E54: Nam định 1 | F54: =SUMIF('[14]DS đạt từ T1-4'!$D:$D,'Quý 3,2025'!$C54,'[14]DS đạt từ T1-4'!$AI:$AI) -> 31508000 | G54: =SUMIF('[14]DS đạt từ T1-4'!$D:$D,'Quý 3,2025'!$C54,'[14]DS đạt từ T1-4'!$AN:$AN) -> 17003000 | H54: =SUMIF([14]T5!D:D,'Quý 3,2025'!C54,[14]T5!AF:AF) -> 11406000 | I54: =SUM(F54:H54)/$I$9 -> 19972333 | J54: =J$9*N54 -> 6000000 | K54: =K$9*N54 -> 24000000 | L54: =L$9*N54 -> 18000000 | M54: =M$9*N54 -> 12000000 | N54: 60000000 | O54: 180 | P54: 3 | Q54: =Q$9*U54 -> 6500000 | R54: =R$9*U54 -> 26000000 | S54: =S$9*U54 -> 19500000 | T54: =T$9*U54 -> 13000000 | U54: 65000000 | V54: 200 | W54: 3 | X54: =X$9*AB54 -> 7000000 | Y54: =Y$9*AB54 -> 28000000 | Z54: =Z$9*AB54 -> 21000000 | AA54: =AA$9*AB54 -> 14000000 | AB54: 70000000 | AC54: 220 | AD54: 3 | AE54: =SUMIF($J$12:$AB$12,AE$12,$J54:$AB54) -> 19500000 | AF54: =SUMIF($J$12:$AB$12,AF$12,$J54:$AB54) -> 78000000 | AG54: =SUMIF($J$12:$AB$12,AG$12,$J54:$AB54) -> 58500000 | AH54: =SUMIF($J$12:$AB$12,AH$12,$J54:$AB54) -> 39000000 | AI54: =SUMIF($J$12:$AB$12,AI$12,$J54:$AB54) -> 195000000 | AJ54: =SUMIF($J$11:$AD$11,AJ$11,$J54:$AD54) -> 600 | AK54: =SUMIF($J$11:$AD$11,AK$11,$J54:$AD54) -> 9 | AL54: =V54-O54 -> 20 | AM54: =AC54-V54 -> 20 | AN54: =P54-'[14]THÁNG 7'!L52 -> 0
A55: 2 | B55: TDV15 | C55: Nguyễn Văn Vinh | D55: Thành phố, Vụ Bản, Mỹ Lộc, Trực Ninh | E55: Nam định 2 | F55: =SUMIF('[14]DS đạt từ T1-4'!$D:$D,'Quý 3,2025'!$C55,'[14]DS đạt từ T1-4'!$AI:$AI) -> 45958333 | G55: =SUMIF('[14]DS đạt từ T1-4'!$D:$D,'Quý 3,2025'!$C55,'[14]DS đạt từ T1-4'!$AN:$AN) -> 17210429 | H55: =SUMIF([14]T5!D:D,'Quý 3,2025'!C55,[14]T5!AF:AF) -> 20445429 | I55: =SUM(F55:H55)/$I$9 -> 27871397 | J55: =J$9*N55 -> 5500000 | K55: =K$9*N55 -> 22000000 | L55: =L$9*N55 -> 16500000 | M55: =M$9*N55 -> 11000000 | N55: 55000000 | O55: 240 | P55: 3 | Q55: =Q$9*U55 -> 6000000 | R55: =R$9*U55 -> 24000000 | S55: =S$9*U55 -> 18000000 | T55: =T$9*U55 -> 12000000 | U55: 60000000 | V55: 240 | W55: 3 | X55: =X$9*AB55 -> 6500000 | Y55: =Y$9*AB55 -> 26000000 | Z55: =Z$9*AB55 -> 19500000 | AA55: =AA$9*AB55 -> 13000000 | AB55: 65000000 | AC55: 260 | AD55: 3 | AE55: =SUMIF($J$12:$AB$12,AE$12,$J55:$AB55) -> 18000000 | AF55: =SUMIF($J$12:$AB$12,AF$12,$J55:$AB55) -> 72000000 | AG55: =SUMIF($J$12:$AB$12,AG$12,$J55:$AB55) -> 54000000 | AH55: =SUMIF($J$12:$AB$12,AH$12,$J55:$AB55) -> 36000000 | AI55: =SUMIF($J$12:$AB$12,AI$12,$J55:$AB55) -> 180000000 | AJ55: =SUMIF($J$11:$AD$11,AJ$11,$J55:$AD55) -> 740 | AK55: =SUMIF($J$11:$AD$11,AK$11,$J55:$AD55) -> 9 | AL55: =V55-O55 -> 0 | AM55: =AC55-V55 -> 20 | AN55: =P55-'[14]THÁNG 7'!L53 -> 0
A56: 3 | B56: TDV125 | C56: Vũ Trọng Khá | D56: Thành phố Tam Điệp, Huyện Vĩnh Lộc,H. Nga Sơn,H. Thạch Thành Thị xã: Bỉm sơn | E56: Ninh Bình 1 | F56: =SUMIF('[14]DS đạt từ T1-4'!$D:$D,'Quý 3,2025'!$C56,'[14]DS đạt từ T1-4'!$AI:$AI) -> 80238095 | G56: =SUMIF('[14]DS đạt từ T1-4'!$D:$D,'Quý 3,2025'!$C56,'[14]DS đạt từ T1-4'!$AN:$AN) -> 73324762 | H56: =SUMIF([14]T5!D:D,'Quý 3,2025'!C56,[14]T5!AF:AF) -> 1980000 | I56: =SUM(F56:H56)/$I$9 -> 51847619 | J56: =J$9*N56 -> 10000000 | K56: =K$9*N56 -> 40000000 | L56: =L$9*N56 -> 30000000 | M56: =M$9*N56 -> 20000000 | N56: 100000000 | O56: 350 | P56: 4 | Q56: =Q$9*U56 -> 10000000 | R56: =R$9*U56 -> 40000000 | S56: =S$9*U56 -> 30000000 | T56: =T$9*U56 -> 20000000 | U56: 100000000 | V56: 370 | W56: 3 | X56: =X$9*AB56 -> 10500000 | Y56: =Y$9*AB56 -> 42000000 | Z56: =Z$9*AB56 -> 31500000 | AA56: =AA$9*AB56 -> 21000000 | AB56: 105000000 | AC56: 390 | AD56: 3 | AE56: =SUMIF($J$12:$AB$12,AE$12,$J56:$AB56) -> 30500000 | AF56: =SUMIF($J$12:$AB$12,AF$12,$J56:$AB56) -> 122000000 | AG56: =SUMIF($J$12:$AB$12,AG$12,$J56:$AB56) -> 91500000 | AH56: =SUMIF($J$12:$AB$12,AH$12,$J56:$AB56) -> 61000000 | AI56: =SUMIF($J$12:$AB$12,AI$12,$J56:$AB56) -> 305000000 | AJ56: =SUMIF($J$11:$AD$11,AJ$11,$J56:$AD56) -> 1110 | AK56: =SUMIF($J$11:$AD$11,AK$11,$J56:$AD56) -> 10 | AL56: =V56-O56 -> 20 | AM56: =AC56-V56 -> 20 | AN56: =P56-'[14]THÁNG 7'!L54 -> 0
A57: 4 | B57: TDV190 | C57: Tuyển TDV mới | D57: Thành phố Ninh Bình,Huyện Hoa Lư,H. Gia Viễn,H. Nho Quan,H. Yên Mô, H Yên Khánh, H. Kim Sơn | E57: Ninh Bình 2 - Tam điệp + Thanh hóa | F57: =SUMIF('[14]DS đạt từ T1-4'!$D:$D,'Quý 3,2025'!$C57,'[14]DS đạt từ T1-4'!$AI:$AI) -> 0 | G57: =SUMIF('[14]DS đạt từ T1-4'!$D:$D,'Quý 3,2025'!$C57,'[14]DS đạt từ T1-4'!$AN:$AN) -> 0 | H57: =SUMIF([14]T5!D:D,'Quý 3,2025'!C57,[14]T5!AF:AF) -> 0 | I57: =SUM(F57:H57)/$I$9 -> 0 | J57: =J$9*N57 -> 6000000 | K57: =K$9*N57 -> 24000000 | L57: =L$9*N57 -> 18000000 | M57: =M$9*N57 -> 12000000 | N57: 60000000 | O57: 150 | P57: 6 | Q57: =Q$9*U57 -> 6500000 | R57: =R$9*U57 -> 26000000 | S57: =S$9*U57 -> 19500000 | T57: =T$9*U57 -> 13000000 | U57: 65000000 | V57: 240 | W57: 5 | X57: =X$9*AB57 -> 7000000 | Y57: =Y$9*AB57 -> 28000000 | Z57: =Z$9*AB57 -> 21000000 | AA57: =AA$9*AB57 -> 14000000 | AB57: 70000000 | AC57: 260 | AD57: 4 | AE57: =SUMIF($J$12:$AB$12,AE$12,$J57:$AB57) -> 19500000 | AF57: =SUMIF($J$12:$AB$12,AF$12,$J57:$AB57) -> 78000000 | AG57: =SUMIF($J$12:$AB$12,AG$12,$J57:$AB57) -> 58500000 | AH57: =SUMIF($J$12:$AB$12,AH$12,$J57:$AB57) -> 39000000 | AI57: =SUMIF($J$12:$AB$12,AI$12,$J57:$AB57) -> 195000000 | AJ57: =SUMIF($J$11:$AD$11,AJ$11,$J57:$AD57) -> 650 | AK57: =SUMIF($J$11:$AD$11,AK$11,$J57:$AD57) -> 15 | AL57: =V57-O57 -> 90 | AM57: =AC57-V57 -> 20 | AN57: =P57-'[14]THÁNG 7'!L55 -> 0
A58: 5 | B58: TDV185 | C58: Hà Thị Huệ | D58: TP Thái BìnhH. Thái Thuỵ,H. Kiến Xương, H. Tiền Hải | E58: Thái Bình 1 | F58: =SUMIF('[14]DS đạt từ T1-4'!$D:$D,'Quý 3,2025'!$C58,'[14]DS đạt từ T1-4'!$AI:$AI) -> 29738143 | G58: =SUMIF('[14]DS đạt từ T1-4'!$D:$D,'Quý 3,2025'!$C58,'[14]DS đạt từ T1-4'!$AN:$AN) -> 25958143 | H58: =SUMIF([14]T5!D:D,'Quý 3,2025'!C58,[14]T5!AF:AF) -> 48340095 | I58: =SUM(F58:H58)/$I$9 -> 34678794 | J58: =J$9*N58 -> 6000000 | K58: =K$9*N58 -> 24000000 | L58: =L$9*N58 -> 18000000 | M58: =M$9*N58 -> 12000000 | N58: 60000000 | O58: 240 | P58: 5 | Q58: =Q$9*U58 -> 6500000 | R58: =R$9*U58 -> 26000000 | S58: =S$9*U58 -> 19500000 | T58: =T$9*U58 -> 13000000 | U58: 65000000 | V58: 250 | W58: 4 | X58: =X$9*AB58 -> 7000000 | Y58: =Y$9*AB58 -> 28000000 | Z58: =Z$9*AB58 -> 21000000 | AA58: =AA$9*AB58 -> 14000000 | AB58: 70000000 | AC58: 270 | AD58: 3 | AE58: =SUMIF($J$12:$AB$12,AE$12,$J58:$AB58) -> 19500000 | AF58: =SUMIF($J$12:$AB$12,AF$12,$J58:$AB58) -> 78000000 | AG58: =SUMIF($J$12:$AB$12,AG$12,$J58:$AB58) -> 58500000 | AH58: =SUMIF($J$12:$AB$12,AH$12,$J58:$AB58) -> 39000000 | AI58: =SUMIF($J$12:$AB$12,AI$12,$J58:$AB58) -> 195000000 | AJ58: =SUMIF($J$11:$AD$11,AJ$11,$J58:$AD58) -> 760 | AK58: =SUMIF($J$11:$AD$11,AK$11,$J58:$AD58) -> 12 | AL58: =V58-O58 -> 10 | AM58: =AC58-V58 -> 20 | AN58: =P58-'[14]THÁNG 7'!L56 -> 0
A59: 6 | B59: TDV16 | C59: Nguyễn Hữu Qúy | D59: H Quỳnh Phụ,H. Vũ Thư,H. Hưng Hà,, H. Đông Hưng | E59: Thái Bình 2 | F59: =SUMIF('[14]DS đạt từ T1-4'!$D:$D,'Quý 3,2025'!$C59,'[14]DS đạt từ T1-4'!$AI:$AI) -> 29654286 | G59: =SUMIF('[14]DS đạt từ T1-4'!$D:$D,'Quý 3,2025'!$C59,'[14]DS đạt từ T1-4'!$AN:$AN) -> 22130000 | H59: =SUMIF([14]T5!D:D,'Quý 3,2025'!C59,[14]T5!AF:AF) -> 39354000 | I59: =SUM(F59:H59)/$I$9 -> 30379429 | J59: =J$9*N59 -> 6000000 | K59: =K$9*N59 -> 24000000 | L59: =L$9*N59 -> 18000000 | M59: =M$9*N59 -> 12000000 | N59: 60000000 | O59: 240 | P59: 5 | Q59: =Q$9*U59 -> 6000000 | R59: =R$9*U59 -> 24000000 | S59: =S$9*U59 -> 18000000 | T59: =T$9*U59 -> 12000000 | U59: 60000000 | V59: 250 | W59: 5 | X59: =X$9*AB59 -> 6500000 | Y59: =Y$9*AB59 -> 26000000 | Z59: =Z$9*AB59 -> 19500000 | AA59: =AA$9*AB59 -> 13000000 | AB59: 65000000 | AC59: 270 | AD59: 4 | AE59: =SUMIF($J$12:$AB$12,AE$12,$J59:$AB59) -> 18500000 | AF59: =SUMIF($J$12:$AB$12,AF$12,$J59:$AB59) -> 74000000 | AG59: =SUMIF($J$12:$AB$12,AG$12,$J59:$AB59) -> 55500000 | AH59: =SUMIF($J$12:$AB$12,AH$12,$J59:$AB59) -> 37000000 | AI59: =SUMIF($J$12:$AB$12,AI$12,$J59:$AB59) -> 185000000 | AJ59: =SUMIF($J$11:$AD$11,AJ$11,$J59:$AD59) -> 760 | AK59: =SUMIF($J$11:$AD$11,AK$11,$J59:$AD59) -> 14 | AL59: =V59-O59 -> 10 | AM59: =AC59-V59 -> 20 | AN59: =P59-'[14]THÁNG 7'!L57 -> 0
A60: QLBH6 | C60: Trần Khánh Dư | F60: =SUM(F54:F59) -> 2.1709686e+08 | G60: =SUM(G54:G59) -> 1.5562633e+08 | H60: =SUM(H54:H59) -> 1.2152552e+08 | I60: =SUM(I54:I59) -> 1.6474957e+08 | J60: =SUM(J54:J59) -> 39500000 | K60: =SUM(K54:K59) -> 158000000 | L60: =SUM(L54:L59) -> 118500000 | M60: =SUM(M54:M59) -> 79000000 | ... AK60: =SUM(AK54:AK59) -> 69 | AL60: =V60-O60 -> 150 | AM60: =AC60-V60 -> 120 | AN60: =P60-'[14]THÁNG 7'!L58 -> 0
A61: 1 | B61: TDV073 | C61: Dương Khắc Anh | D61: Huyện Đông Sơn,H.Triệu Sơn,H. Ngọc Lặc,H. Thọ Xuân ,H. lang Chánh | E61: Thanh Hoá 1 | F61: =SUMIF('[14]DS đạt từ T1-4'!$D:$D,'Quý 3,2025'!$C61,'[14]DS đạt từ T1-4'!$AI:$AI) -> 80031905 | G61: =SUMIF('[14]DS đạt từ T1-4'!$D:$D,'Quý 3,2025'!$C61,'[14]DS đạt từ T1-4'!$AN:$AN) -> 90855429 | H61: =SUMIF([14]T5!D:D,'Quý 3,2025'!C61,[14]T5!AF:AF) -> 63446429 | I61: =SUM(F61:H61)/$I$9 -> 78111254 | J61: =J$9*N61 -> 9000000 | K61: =K$9*N61 -> 36000000 | L61: =L$9*N61 -> 27000000 | M61: =M$9*N61 -> 18000000 | N61: 90000000 | O61: 300 | P61: 2 | Q61: =Q$9*U61 -> 9500000 | R61: =R$9*U61 -> 38000000 | S61: =S$9*U61 -> 28500000 | T61: =T$9*U61 -> 19000000 | U61: 95000000 | V61: 320 | W61: 2 | X61: =X$9*AB61 -> 10000000 | Y61: =Y$9*AB61 -> 40000000 | Z61: =Z$9*AB61 -> 30000000 | AA61: =AA$9*AB61 -> 20000000 | AB61: 100000000 | AC61: 340 | AD61: 2 | AE61: =SUMIF($J$12:$AB$12,AE$12,$J61:$AB61) -> 28500000 | AF61: =SUMIF($J$12:$AB$12,AF$12,$J61:$AB61) -> 114000000 | AG61: =SUMIF($J$12:$AB$12,AG$12,$J61:$AB61) -> 85500000 | AH61: =SUMIF($J$12:$AB$12,AH$12,$J61:$AB61) -> 57000000 | AI61: =SUMIF($J$12:$AB$12,AI$12,$J61:$AB61) -> 285000000 | AJ61: =SUMIF($J$11:$AD$11,AJ$11,$J61:$AD61) -> 960 | AK61: =SUMIF($J$11:$AD$11,AK$11,$J61:$AD61) -> 6 | AL61: =V61-O61 -> 20 | AM61: =AC61-V61 -> 20 | AN61: =P61-'[14]THÁNG 7'!L59 -> 0
A62: 2 | B62: TDV151 | C62: Nguyễn Thanh Tùng | D62: Huyện Hoằng Hoá ,H. Hậu Lộc,H. Hà trung | E62: Thanh Hoá 2 | F62: =SUMIF('[14]DS đạt từ T1-4'!$D:$D,'Quý 3,2025'!$C62,'[14]DS đạt từ T1-4'!$AI:$AI) -> 80196095 | G62: =SUMIF('[14]DS đạt từ T1-4'!$D:$D,'Quý 3,2025'!$C62,'[14]DS đạt từ T1-4'!$AN:$AN) -> 91138286 | H62: =SUMIF([14]T5!D:D,'Quý 3,2025'!C62,[14]T5!AF:AF) -> 63909524 | I62: =SUM(F62:H62)/$I$9 -> 78414635 | J62: =J$9*N62 -> 9000000 | K62: =K$9*N62 -> 36000000 | L62: =L$9*N62 -> 27000000 | M62: =M$9*N62 -> 18000000 | N62: 90000000 | O62: 300 | P62: 2 | Q62: =Q$9*U62 -> 9500000 | R62: =R$9*U62 -> 38000000 | S62: =S$9*U62 -> 28500000 | T62: =T$9*U62 -> 19000000 | U62: 95000000 | V62: 320 | W62: 2 | X62: =X$9*AB62 -> 10000000 | Y62: =Y$9*AB62 -> 40000000 | Z62: =Z$9*AB62 -> 30000000 | AA62: =AA$9*AB62 -> 20000000 | AB62: 100000000 | AC62: 340 | AD62: 2 | AE62: =SUMIF($J$12:$AB$12,AE$12,$J62:$AB62) -> 28500000 | AF62: =SUMIF($J$12:$AB$12,AF$12,$J62:$AB62) -> 114000000 | AG62: =SUMIF($J$12:$AB$12,AG$12,$J62:$AB62) -> 85500000 | AH62: =SUMIF($J$12:$AB$12,AH$12,$J62:$AB62) -> 57000000 | AI62: =SUMIF($J$12:$AB$12,AI$12,$J62:$AB62) -> 285000000 | AJ62: =SUMIF($J$11:$AD$11,AJ$11,$J62:$AD62) -> 960 | AK62: =SUMIF($J$11:$AD$11,AK$11,$J62:$AD62) -> 6 | AL62: =V62-O62 -> 20 | AM62: =AC62-V62 -> 20 | AN62: =P62-'[14]THÁNG 7'!L60 -> 0
A63: 3 | B63: TDV126 | C63: Nguyễn Văn Chung | D63: Huyện Thiệu Hoá ,H. Yên Định,H. Cẩm Thuỷ,H. Bá Thước, Thành phố: Thanh Hoá, Sầm Sơn | E63: Thanh Hoá 3 | F63: =SUMIF('[14]DS đạt từ T1-4'!$D:$D,'Quý 3,2025'!$C63,'[14]DS đạt từ T1-4'!$AI:$AI) -> 84946857 | G63: =SUMIF('[14]DS đạt từ T1-4'!$D:$D,'Quý 3,2025'!$C63,'[14]DS đạt từ T1-4'!$AN:$AN) -> 90417143 | H63: =SUMIF([14]T5!D:D,'Quý 3,2025'!C63,[14]T5!AF:AF) -> 65330714 | I63: =SUM(F63:H63)/$I$9 -> 80231571 | J63: =J$9*N63 -> 9000000 | K63: =K$9*N63 -> 36000000 | L63: =L$9*N63 -> 27000000 | M63: =M$9*N63 -> 18000000 | N63: 90000000 | O63: 320 | P63: 2 | Q63: =Q$9*U63 -> 9500000 | R63: =R$9*U63 -> 38000000 | S63: =S$9*U63 -> 28500000 | T63: =T$9*U63 -> 19000000 | U63: 95000000 | V63: 340 | W63: 2 | X63: =X$9*AB63 -> 10000000 | Y63: =Y$9*AB63 -> 40000000 | Z63: =Z$9*AB63 -> 30000000 | AA63: =AA$9*AB63 -> 20000000 | AB63: 100000000 | AC63: 360 | AD63: 2 | AE63: =SUMIF($J$12:$AB$12,AE$12,$J63:$AB63) -> 28500000 | AF63: =SUMIF($J$12:$AB$12,AF$12,$J63:$AB63) -> 114000000 | AG63: =SUMIF($J$12:$AB$12,AG$12,$J63:$AB63) -> 85500000 | AH63: =SUMIF($J$12:$AB$12,AH$12,$J63:$AB63) -> 57000000 | AI63: =SUMIF($J$12:$AB$12,AI$12,$J63:$AB63) -> 285000000 | AJ63: =SUMIF($J$11:$AD$11,AJ$11,$J63:$AD63) -> 1020 | AK63: =SUMIF($J$11:$AD$11,AK$11,$J63:$AD63) -> 6 | AL63: =V63-O63 -> 20 | AM63: =AC63-V63 -> 20 | AN63: =P63-'[14]THÁNG 7'!L61 -> 0
A64: 4 | B64: TDV186 | C64: Trần Hữu Dương | D64: Huyện Quảng xương,H. Nông Cống,H. Như Thanh,H. Như Xuân,H. Tĩnh Gia | E64: Thanh Hoá 4 | F64: =SUMIF('[14]DS đạt từ T1-4'!$D:$D,'Quý 3,2025'!$C64,'[14]DS đạt từ T1-4'!$AI:$AI) -> 86924048 | G64: =SUMIF('[14]DS đạt từ T1-4'!$D:$D,'Quý 3,2025'!$C64,'[14]DS đạt từ T1-4'!$AN:$AN) -> 90957857 | H64: =SUMIF([14]T5!D:D,'Quý 3,2025'!C64,[14]T5!AF:AF) -> 64629286 | I64: =SUM(F64:H64)/$I$9 -> 80837063 | J64: =J$9*N64 -> 9000000 | K64: =K$9*N64 -> 36000000 | L64: =L$9*N64 -> 27000000 | M64: =M$9*N64 -> 18000000 | N64: 90000000 | O64: 320 | P64: 2 | Q64: =Q$9*U64 -> 9500000 | R64: =R$9*U64 -> 38000000 | S64: =S$9*U64 -> 28500000 | T64: =T$9*U64 -> 19000000 | U64: 95000000 | V64: 340 | W64: 2 | X64: =X$9*AB64 -> 10000000 | Y64: =Y$9*AB64 -> 40000000 | Z64: =Z$9*AB64 -> 30000000 | AA64: =AA$9*AB64 -> 20000000 | AB64: 100000000 | AC64: 360 | AD64: 2 | AE64: =SUMIF($J$12:$AB$12,AE$12,$J64:$AB64) -> 28500000 | AF64: =SUMIF($J$12:$AB$12,AF$12,$J64:$AB64) -> 114000000 | AG64: =SUMIF($J$12:$AB$12,AG$12,$J64:$AB64) -> 85500000 | AH64: =SUMIF($J$12:$AB$12,AH$12,$J64:$AB64) -> 57000000 | AI64: =SUMIF($J$12:$AB$12,AI$12,$J64:$AB64) -> 285000000 | AJ64: =SUMIF($J$11:$AD$11,AJ$11,$J64:$AD64) -> 1020 | AK64: =SUMIF($J$11:$AD$11,AK$11,$J64:$AD64) -> 6 | AL64: =V64-O64 -> 20 | AM64: =AC64-V64 -> 20 | AN64: =P64-'[14]THÁNG 7'!L62 -> 0
A65: 5 | B65: TDV012 | C65: Trần Thị Ngần 1 | D65: Cả Tỉnh | E65: Nghệ An 1 | F65: =SUMIF('[14]DS đạt từ T1-4'!$D:$D,'Quý 3,2025'!$C65,'[14]DS đạt từ T1-4'!$AI:$AI) -> 1.3304679e+08 | G65: =SUMIF('[14]DS đạt từ T1-4'!$D:$D,'Quý 3,2025'!$C65,'[14]DS đạt từ T1-4'!$AN:$AN) -> 1.2146219e+08 | H65: =SUMIF([14]T5!D:D,'Quý 3,2025'!C65,[14]T5!AF:AF) -> 1.4507883e+08 | I65: =SUM(F65:H65)/$I$9 -> 1.3319594e+08 | J65: =J$9*N65 -> 13000000 | K65: =K$9*N65 -> 52000000 | L65: =L$9*N65 -> 39000000 | M65: =M$9*N65 -> 26000000 | N65: 130000000 | O65: 450 | P65: 5 | Q65: =Q$9*U65 -> 13500000 | R65: =R$9*U65 -> 54000000 | S65: =S$9*U65 -> 40500000 | T65: =T$9*U65 -> 27000000 | U65: 135000000 | V65: 480 | W65: 4 | X65: =X$9*AB65 -> 14000000 | Y65: =Y$9*AB65 -> 56000000 | Z65: =Z$9*AB65 -> 42000000 | AA65: =AA$9*AB65 -> 28000000 | AB65: 140000000 | AC65: 500 | AD65: 3 | AE65: =SUMIF($J$12:$AB$12,AE$12,$J65:$AB65) -> 40500000 | AF65: =SUMIF($J$12:$AB$12,AF$12,$J65:$AB65) -> 162000000 | AG65: =SUMIF($J$12:$AB$12,AG$12,$J65:$AB65) -> 121500000 | AH65: =SUMIF($J$12:$AB$12,AH$12,$J65:$AB65) -> 81000000 | AI65: =SUMIF($J$12:$AB$12,AI$12,$J65:$AB65) -> 405000000 | AJ65: =SUMIF($J$11:$AD$11,AJ$11,$J65:$AD65) -> 1430 | AK65: =SUMIF($J$11:$AD$11,AK$11,$J65:$AD65) -> 12 | AL65: =V65-O65 -> 30 | AM65: =AC65-V65 -> 20 | AN65: =P65-'[14]THÁNG 7'!L63 -> 0
A66: 6 | B66: TDV013 | C66: Trần Thị Ngần 2 | D66: Cả Tỉnh | E66: Nghệ An 2 | F66: =SUMIF('[14]DS đạt từ T1-4'!$D:$D,'Quý 3,2025'!$C66,'[14]DS đạt từ T1-4'!$AI:$AI) -> 1.3304679e+08 | G66: =SUMIF('[14]DS đạt từ T1-4'!$D:$D,'Quý 3,2025'!$C66,'[14]DS đạt từ T1-4'!$AN:$AN) -> 1.2146219e+08 | H66: =SUMIF([14]T5!D:D,'Quý 3,2025'!C66,[14]T5!AF:AF) -> 1.4507883e+08 | I66: =SUM(F66:H66)/$I$9 -> 1.3319594e+08 | J66: =J$9*N66 -> 13000000 | K66: =K$9*N66 -> 52000000 | L66: =L$9*N66 -> 39000000 | M66: =M$9*N66 -> 26000000 | N66: 130000000 | O66: 450 | P66: 5 | Q66: =Q$9*U66 -> 13500000 | R66: =R$9*U66 -> 54000000 | S66: =S$9*U66 -> 40500000 | T66: =T$9*U66 -> 27000000 | U66: 135000000 | V66: 480 | W66: 4 | X66: =X$9*AB66 -> 14000000 | Y66: =Y$9*AB66 -> 56000000 | Z66: =Z$9*AB66 -> 42000000 | AA66: =AA$9*AB66 -> 28000000 | AB66: 140000000 | AC66: 500 | AD66: 3 | AE66: =SUMIF($J$12:$AB$12,AE$12,$J66:$AB66) -> 40500000 | AF66: =SUMIF($J$12:$AB$12,AF$12,$J66:$AB66) -> 162000000 | AG66: =SUMIF($J$12:$AB$12,AG$12,$J66:$AB66) -> 121500000 | AH66: =SUMIF($J$12:$AB$12,AH$12,$J66:$AB66) -> 81000000 | AI66: =SUMIF($J$12:$AB$12,AI$12,$J66:$AB66) -> 405000000 | AJ66: =SUMIF($J$11:$AD$11,AJ$11,$J66:$AD66) -> 1430 | AK66: =SUMIF($J$11:$AD$11,AK$11,$J66:$AD66) -> 12 | AL66: =V66-O66 -> 30 | AM66: =AC66-V66 -> 20 | AN66: =P66-'[14]THÁNG 7'!L64 -> 0
A67: 7 | B67: TDV068 | C67: Nguyễn Thị Mai Trang | D67: Toàn tỉnh phân nhóm hàng | E67: Hà Tĩnh 1 | F67: =SUMIF('[14]DS đạt từ T1-4'!$D:$D,'Quý 3,2025'!$C67,'[14]DS đạt từ T1-4'!$AI:$AI) -> 50050000 | G67: =SUMIF('[14]DS đạt từ T1-4'!$D:$D,'Quý 3,2025'!$C67,'[14]DS đạt từ T1-4'!$AN:$AN) -> 41925000 | H67: =SUMIF([14]T5!D:D,'Quý 3,2025'!C67,[14]T5!AF:AF) -> 43980000 | I67: =SUM(F67:H67)/$I$9 -> 45318333 | J67: =J$9*N67 -> 13000000 | K67: =K$9*N67 -> 52000000 | L67: =L$9*N67 -> 39000000 | M67: =M$9*N67 -> 26000000 | N67: 130000000 | P67: 0 | Q67: =Q$9*U67 -> 13500000 | R67: =R$9*U67 -> 54000000 | S67: =S$9*U67 -> 40500000 | T67: =T$9*U67 -> 27000000 | U67: 135000000 | W67: 0 | X67: =X$9*AB67 -> 14000000 | Y67: =Y$9*AB67 -> 56000000 | Z67: =Z$9*AB67 -> 42000000 | AA67: =AA$9*AB67 -> 28000000 | AB67: 140000000 | AD67: 0 | AE67: =SUMIF($J$12:$AB$12,AE$12,$J67:$AB67) -> 40500000 | AF67: =SUMIF($J$12:$AB$12,AF$12,$J67:$AB67) -> 162000000 | AG67: =SUMIF($J$12:$AB$12,AG$12,$J67:$AB67) -> 121500000 | AH67: =SUMIF($J$12:$AB$12,AH$12,$J67:$AB67) -> 81000000 | AI67: =SUMIF($J$12:$AB$12,AI$12,$J67:$AB67) -> 405000000 | AJ67: =SUMIF($J$11:$AD$11,AJ$11,$J67:$AD67) -> 0 | AK67: =SUMIF($J$11:$AD$11,AK$11,$J67:$AD67) -> 0 | AL67: =V67-O67 -> 0 | AM67: =AC67-V67 -> 0 | AN67: =P67-'[14]THÁNG 7'!L65 -> 0
A68: 8 | B68: TDV069 | C68: TDV Mới | D68: Toàn tỉnh phân nhóm hàng | E68: Hà Tĩnh 2 | F68: 5198571.4 | G68: 8939285.7 | H68: =SUMIF([14]T5!D:D,'Quý 3,2025'!C68,[14]T5!AF:AF) -> 0 | I68: =SUM(F68:H68)/$I$9 -> 4712619 | J68: =J$9*N68 -> 6000000 | K68: =K$9*N68 -> 24000000 | L68: =L$9*N68 -> 18000000 | M68: =M$9*N68 -> 12000000 | N68: 60000000 | O68: 250 | P68: 6 | Q68: =Q$9*U68 -> 6500000 | R68: =R$9*U68 -> 26000000 | S68: =S$9*U68 -> 19500000 | T68: =T$9*U68 -> 13000000 | U68: 65000000 | V68: 300 | W68: 6 | X68: =X$9*AB68 -> 7000000 | Y68: =Y$9*AB68 -> 28000000 | Z68: =Z$9*AB68 -> 21000000 | AA68: =AA$9*AB68 -> 14000000 | AB68: 70000000 | AC68: 320 | AD68: 4 | AE68: =SUMIF($J$12:$AB$12,AE$12,$J68:$AB68) -> 19500000 | AF68: =SUMIF($J$12:$AB$12,AF$12,$J68:$AB68) -> 78000000 | AG68: =SUMIF($J$12:$AB$12,AG$12,$J68:$AB68) -> 58500000 | AH68: =SUMIF($J$12:$AB$12,AH$12,$J68:$AB68) -> 39000000 | AI68: =SUMIF($J$12:$AB$12,AI$12,$J68:$AB68) -> 195000000 | AJ68: =SUMIF($J$11:$AD$11,AJ$11,$J68:$AD68) -> 870 | AK68: =SUMIF($J$11:$AD$11,AK$11,$J68:$AD68) -> 16 | AL68: =V68-O68 -> 50 | AM68: =AC68-V68 -> 20 | AN68: =P68-'[14]THÁNG 7'!L66 -> 0
A69: QLBH7 | C69: Nguyễn Quang Quyết | F69: =SUM(F61:F68) -> 6.5344105e+08 | G69: =SUM(G61:G68) -> 6.5715738e+08 | H69: =SUM(H61:H68) -> 5.9145362e+08 | I69: =SUM(I61:I68) -> 6.3401735e+08 | J69: =SUM(J61:J68) -> 81000000 | K69: =SUM(K61:K68) -> 324000000 | L69: =SUM(L61:L68) -> 243000000 | M69: =SUM(M61:M68) -> 162000000 | ... AK69: =SUM(AK61:AK68) -> 64 | AL69: =V69-O69 -> 190 | AM69: =AC69-V69 -> 140 | AN69: =P69-'[14]THÁNG 7'!L67 -> 0
A70: 1 | B70: TDV170 | C70: Nguyễn Thị Thạch | D70: TP.Phúc Yên ,Huyện Bình Xuyên ,Huyện Tam Đảo ,Huyện Tam Dương ,TP. Vĩnh Yên (Phường " Định Trung , Khai Quang , Liên Bảo ,đồng Đa " ) | E70: Vĩnh Phúc 1 | F70: =SUMIF('[14]DS đạt từ T1-4'!$D:$D,'Quý 3,2025'!$C70,'[14]DS đạt từ T1-4'!$AI:$AI) -> 1.1717471e+08 | G70: =SUMIF('[14]DS đạt từ T1-4'!$D:$D,'Quý 3,2025'!$C70,'[14]DS đạt từ T1-4'!$AN:$AN) -> 82030238 | H70: =SUMIF([14]T5!D:D,'Quý 3,2025'!C70,[14]T5!AF:AF) -> 99258143 | I70: =SUM(F70:H70)/$I$9 -> 99487698 | J70: =J$9*N70 -> 8500000 | K70: =K$9*N70 -> 34000000 | L70: =L$9*N70 -> 25500000 | M70: =M$9*N70 -> 17000000 | N70: 85000000 | O70: 370 | P70: 3 | Q70: =Q$9*U70 -> 9000000 | R70: =R$9*U70 -> 36000000 | S70: =S$9*U70 -> 27000000 | T70: =T$9*U70 -> 18000000 | U70: 90000000 | V70: 375 | W70: 3 | X70: =X$9*AB70 -> 9000000 | Y70: =Y$9*AB70 -> 36000000 | Z70: =Z$9*AB70 -> 27000000 | AA70: =AA$9*AB70 -> 18000000 | AB70: 90000000 | AC70: 400 | AD70: 2 | AE70: =SUMIF($J$12:$AB$12,AE$12,$J70:$AB70) -> 26500000 | AF70: =SUMIF($J$12:$AB$12,AF$12,$J70:$AB70) -> 106000000 | AG70: =SUMIF($J$12:$AB$12,AG$12,$J70:$AB70) -> 79500000 | AH70: =SUMIF($J$12:$AB$12,AH$12,$J70:$AB70) -> 53000000 | AI70: =SUMIF($J$12:$AB$12,AI$12,$J70:$AB70) -> 265000000 | AJ70: =SUMIF($J$11:$AD$11,AJ$11,$J70:$AD70) -> 1145 | AK70: =SUMIF($J$11:$AD$11,AK$11,$J70:$AD70) -> 8 | AL70: =V70-O70 -> 5 | AM70: =AC70-V70 -> 25 | AN70: =P70-'[14]THÁNG 7'!L68 -> 0
A71: 2 | B71: TDV176 | C71: Trần Thị Hường | D71: Huyện Lập Thạch ,Huyện Sông Lô ,Huyện Vĩnh Tường ,Huyện Yên Lạc ,TP Vĩnh Yên (Phường " Tích Sơn , Hội Hợp , Đồng Tâm , Nô Quyền , Thanh Trù ") | E71: Vĩnh Phúc 2 | F71: =SUMIF('[14]DS đạt từ T1-4'!$D:$D,'Quý 3,2025'!$C71,'[14]DS đạt từ T1-4'!$AI:$AI) -> 1.1794943e+08 | G71: =SUMIF('[14]DS đạt từ T1-4'!$D:$D,'Quý 3,2025'!$C71,'[14]DS đạt từ T1-4'!$AN:$AN) -> 44670714 | H71: =SUMIF([14]T5!D:D,'Quý 3,2025'!C71,[14]T5!AF:AF) -> 81386571 | I71: =SUM(F71:H71)/$I$9 -> 81335571 | J71: =J$9*N71 -> 8000000 | K71: =K$9*N71 -> 32000000 | L71: =L$9*N71 -> 24000000 | M71: =M$9*N71 -> 16000000 | N71: 80000000 | O71: 370 | P71: 3 | Q71: =Q$9*U71 -> 8500000 | R71: =R$9*U71 -> 34000000 | S71: =S$9*U71 -> 25500000 | T71: =T$9*U71 -> 17000000 | U71: 85000000 | V71: 375 | W71: 3 | X71: =X$9*AB71 -> 8500000 | Y71: =Y$9*AB71 -> 34000000 | Z71: =Z$9*AB71 -> 25500000 | AA71: =AA$9*AB71 -> 17000000 | AB71: 85000000 | AC71: 400 | AD71: 2 | AE71: =SUMIF($J$12:$AB$12,AE$12,$J71:$AB71) -> 25000000 | AF71: =SUMIF($J$12:$AB$12,AF$12,$J71:$AB71) -> 100000000 | AG71: =SUMIF($J$12:$AB$12,AG$12,$J71:$AB71) -> 75000000 | AH71: =SUMIF($J$12:$AB$12,AH$12,$J71:$AB71) -> 50000000 | AI71: =SUMIF($J$12:$AB$12,AI$12,$J71:$AB71) -> 250000000 | AJ71: =SUMIF($J$11:$AD$11,AJ$11,$J71:$AD71) -> 1145 | AK71: =SUMIF($J$11:$AD$11,AK$11,$J71:$AD71) -> 8 | AL71: =V71-O71 -> 5 | AM71: =AC71-V71 -> 25 | AN71: =P71-'[14]THÁNG 7'!L69 -> 0
A72: 3 | B72: TDV183 | C72: Đặng Việt Anh | D72: TP.Việt Trì ,Huyện Phù Ninh , Huyện Lâm Thao ,HuyệnTam Nông ,Huyện Thanh Thuỷ ,Huyện Thanh Sơn | E72: Phú Thọ 1 | F72: =SUMIF('[14]DS đạt từ T1-4'!$D:$D,'Quý 3,2025'!$C72,'[14]DS đạt từ T1-4'!$AI:$AI) -> 1.171809e+08 | G72: =SUMIF('[14]DS đạt từ T1-4'!$D:$D,'Quý 3,2025'!$C72,'[14]DS đạt từ T1-4'!$AN:$AN) -> 96748429 | H72: =SUMIF([14]T5!D:D,'Quý 3,2025'!C72,[14]T5!AF:AF) -> 1.5366876e+08 | I72: =SUM(F72:H72)/$I$9 -> 1.225327e+08 | J72: =J$9*N72 -> 8500000 | K72: =K$9*N72 -> 34000000 | L72: =L$9*N72 -> 25500000 | M72: =M$9*N72 -> 17000000 | N72: 85000000 | O72: 370 | P72: 4 | Q72: =Q$9*U72 -> 9000000 | R72: =R$9*U72 -> 36000000 | S72: =S$9*U72 -> 27000000 | T72: =T$9*U72 -> 18000000 | U72: 90000000 | V72: 370 | W72: 3 | X72: =X$9*AB72 -> 9000000 | Y72: =Y$9*AB72 -> 36000000 | Z72: =Z$9*AB72 -> 27000000 | AA72: =AA$9*AB72 -> 18000000 | AB72: 90000000 | AC72: 400 | AD72: 2 | AE72: =SUMIF($J$12:$AB$12,AE$12,$J72:$AB72) -> 26500000 | AF72: =SUMIF($J$12:$AB$12,AF$12,$J72:$AB72) -> 106000000 | AG72: =SUMIF($J$12:$AB$12,AG$12,$J72:$AB72) -> 79500000 | AH72: =SUMIF($J$12:$AB$12,AH$12,$J72:$AB72) -> 53000000 | AI72: =SUMIF($J$12:$AB$12,AI$12,$J72:$AB72) -> 265000000 | AJ72: =SUMIF($J$11:$AD$11,AJ$11,$J72:$AD72) -> 1140 | AK72: =SUMIF($J$11:$AD$11,AK$11,$J72:$AD72) -> 9 | AL72: =V72-O72 -> 0 | AM72: =AC72-V72 -> 30 | AN72: =P72-'[14]THÁNG 7'!L70 -> 0
A73: 4 | B73: TDV17 | C73: Nguyễn Linh Chi | D73: Thị Xã Phú Thọ ,Huyện Đoan Hùng ,Huyện Thanh Ba ,Huyện Hạ Hoà ,Huyện Cẩm Khê ,Huyện Yên Lập ,Huyện Tân Sơn | E73: Phú Thọ 2 | F73: =SUMIF('[14]DS đạt từ T1-4'!$D:$D,'Quý 3,2025'!$C73,'[14]DS đạt từ T1-4'!$AI:$AI) -> 53222714 | G73: =SUMIF('[14]DS đạt từ T1-4'!$D:$D,'Quý 3,2025'!$C73,'[14]DS đạt từ T1-4'!$AN:$AN) -> 56166143 | H73: =SUMIF([14]T5!D:D,'Quý 3,2025'!C73,[14]T5!AF:AF) -> 63787810 | I73: =SUM(F73:H73)/$I$9 -> 57725556 | J73: =J$9*N73 -> 6500000 | K73: =K$9*N73 -> 26000000 | L73: =L$9*N73 -> 19500000 | M73: =M$9*N73 -> 13000000 | N73: 65000000 | O73: 170 | P73: 3 | Q73: =Q$9*U73 -> 7000000 | R73: =R$9*U73 -> 28000000 | S73: =S$9*U73 -> 21000000 | T73: =T$9*U73 -> 14000000 | U73: 70000000 | V73: 190 | W73: 3 | X73: =X$9*AB73 -> 7000000 | Y73: =Y$9*AB73 -> 28000000 | Z73: =Z$9*AB73 -> 21000000 | AA73: =AA$9*AB73 -> 14000000 | AB73: 70000000 | AC73: 210 | AD73: 3 | AE73: =SUMIF($J$12:$AB$12,AE$12,$J73:$AB73) -> 20500000 | AF73: =SUMIF($J$12:$AB$12,AF$12,$J73:$AB73) -> 82000000 | AG73: =SUMIF($J$12:$AB$12,AG$12,$J73:$AB73) -> 61500000 | AH73: =SUMIF($J$12:$AB$12,AH$12,$J73:$AB73) -> 41000000 | AI73: =SUMIF($J$12:$AB$12,AI$12,$J73:$AB73) -> 205000000 | AJ73: =SUMIF($J$11:$AD$11,AJ$11,$J73:$AD73) -> 570 | AK73: =SUMIF($J$11:$AD$11,AK$11,$J73:$AD73) -> 9 | AL73: =V73-O73 -> 20 | AM73: =AC73-V73 -> 20 | AN73: =P73-'[14]THÁNG 7'!L71 -> 0
A74: 5 | B74: TDV040 | C74: Ngô Quang Tùng | D74: Toàn tỉnh | E74: Yên Bái | F74: =SUMIF('[14]DS đạt từ T1-4'!$D:$D,'Quý 3,2025'!$C74,'[14]DS đạt từ T1-4'!$AI:$AI) -> 60700000 | G74: =SUMIF('[14]DS đạt từ T1-4'!$D:$D,'Quý 3,2025'!$C74,'[14]DS đạt từ T1-4'!$AN:$AN) -> 51120000 | H74: =SUMIF([14]T5!D:D,'Quý 3,2025'!C74,[14]T5!AF:AF) -> 42705000 | I74: =SUM(F74:H74)/$I$9 -> 51508333 | J74: =J$9*N74 -> 6000000 | K74: =K$9*N74 -> 24000000 | L74: =L$9*N74 -> 18000000 | M74: =M$9*N74 -> 12000000 | N74: 60000000 | O74: 370 | P74: 1 | Q74: =Q$9*U74 -> 6500000 | R74: =R$9*U74 -> 26000000 | S74: =S$9*U74 -> 19500000 | T74: =T$9*U74 -> 13000000 | U74: 65000000 | V74: 370 | W74: 1 | X74: =X$9*AB74 -> 6500000 | Y74: =Y$9*AB74 -> 26000000 | Z74: =Z$9*AB74 -> 19500000 | AA74: =AA$9*AB74 -> 13000000 | AB74: 65000000 | AC74: 390 | AD74: 1 | AE74: =SUMIF($J$12:$AB$12,AE$12,$J74:$AB74) -> 19000000 | AF74: =SUMIF($J$12:$AB$12,AF$12,$J74:$AB74) -> 76000000 | AG74: =SUMIF($J$12:$AB$12,AG$12,$J74:$AB74) -> 57000000 | AH74: =SUMIF($J$12:$AB$12,AH$12,$J74:$AB74) -> 38000000 | AI74: =SUMIF($J$12:$AB$12,AI$12,$J74:$AB74) -> 190000000 | AJ74: =SUMIF($J$11:$AD$11,AJ$11,$J74:$AD74) -> 1130 | AK74: =SUMIF($J$11:$AD$11,AK$11,$J74:$AD74) -> 3 | AL74: =V74-O74 -> 0 | AM74: =AC74-V74 -> 20 | AN74: =P74-'[14]THÁNG 7'!L72 -> 0
A75: 6 | B75: TDV129 | C75: Hoàng Thị Phương | D75: Toàn tỉnh | E75: Hà Giang | F75: =SUMIF('[14]DS đạt từ T1-4'!$D:$D,'Quý 3,2025'!$C75,'[14]DS đạt từ T1-4'!$AI:$AI) -> 16446429 | G75: =SUMIF('[14]DS đạt từ T1-4'!$D:$D,'Quý 3,2025'!$C75,'[14]DS đạt từ T1-4'!$AN:$AN) -> 5500000 | H75: =SUMIF([14]T5!D:D,'Quý 3,2025'!C75,[14]T5!AF:AF) -> 0 | I75: =SUM(F75:H75)/$I$9 -> 7315476.2 | J75: =J$9*N75 -> 6000000 | K75: =K$9*N75 -> 24000000 | L75: =L$9*N75 -> 18000000 | M75: =M$9*N75 -> 12000000 | N75: 60000000 | O75: 170 | P75: 1 | Q75: =Q$9*U75 -> 6000000 | R75: =R$9*U75 -> 24000000 | S75: =S$9*U75 -> 18000000 | T75: =T$9*U75 -> 12000000 | U75: 60000000 | V75: 170 | W75: 1 | X75: =X$9*AB75 -> 6500000 | Y75: =Y$9*AB75 -> 26000000 | Z75: =Z$9*AB75 -> 19500000 | AA75: =AA$9*AB75 -> 13000000 | AB75: 65000000 | AC75: 190 | AD75: 1 | AE75: =SUMIF($J$12:$AB$12,AE$12,$J75:$AB75) -> 18500000 | AF75: =SUMIF($J$12:$AB$12,AF$12,$J75:$AB75) -> 74000000 | AG75: =SUMIF($J$12:$AB$12,AG$12,$J75:$AB75) -> 55500000 | AH75: =SUMIF($J$12:$AB$12,AH$12,$J75:$AB75) -> 37000000 | AI75: =SUMIF($J$12:$AB$12,AI$12,$J75:$AB75) -> 185000000 | AJ75: =SUMIF($J$11:$AD$11,AJ$11,$J75:$AD75) -> 530 | AK75: =SUMIF($J$11:$AD$11,AK$11,$J75:$AD75) -> 3 | AL75: =V75-O75 -> 0 | AM75: =AC75-V75 -> 20 | AN75: =P75-'[14]THÁNG 7'!L73 -> 0
A76: 7 | B76: TDV180 | C76: Trần Như Chính | D76: Toàn tỉnh | E76: Tuyên Quang | F76: =SUMIF('[14]DS đạt từ T1-4'!$D:$D,'Quý 3,2025'!$C76,'[14]DS đạt từ T1-4'!$AI:$AI) -> 49952429 | G76: =SUMIF('[14]DS đạt từ T1-4'!$D:$D,'Quý 3,2025'!$C76,'[14]DS đạt từ T1-4'!$AN:$AN) -> 20397429 | H76: =SUMIF([14]T5!D:D,'Quý 3,2025'!C76,[14]T5!AF:AF) -> 35403286 | I76: =SUM(F76:H76)/$I$9 -> 35251048 | J76: =J$9*N76 -> 6000000 | K76: =K$9*N76 -> 24000000 | L76: =L$9*N76 -> 18000000 | M76: =M$9*N76 -> 12000000 | N76: 60000000 | O76: 200 | P76: 4 | Q76: =Q$9*U76 -> 6000000 | R76: =R$9*U76 -> 24000000 | S76: =S$9*U76 -> 18000000 | T76: =T$9*U76 -> 12000000 | U76: 60000000 | V76: 200 | W76: 4 | X76: =X$9*AB76 -> 6000000 | Y76: =Y$9*AB76 -> 24000000 | Z76: =Z$9*AB76 -> 18000000 | AA76: =AA$9*AB76 -> 12000000 | AB76: 60000000 | AC76: 200 | AD76: 4 | AE76: =SUMIF($J$12:$AB$12,AE$12,$J76:$AB76) -> 18000000 | AF76: =SUMIF($J$12:$AB$12,AF$12,$J76:$AB76) -> 72000000 | AG76: =SUMIF($J$12:$AB$12,AG$12,$J76:$AB76) -> 54000000 | AH76: =SUMIF($J$12:$AB$12,AH$12,$J76:$AB76) -> 36000000 | AI76: =SUMIF($J$12:$AB$12,AI$12,$J76:$AB76) -> 180000000 | AJ76: =SUMIF($J$11:$AD$11,AJ$11,$J76:$AD76) -> 600 | AK76: =SUMIF($J$11:$AD$11,AK$11,$J76:$AD76) -> 12 | AL76: =V76-O76 -> 0 | AM76: =AC76-V76 -> 0 | AN76: =P76-'[14]THÁNG 7'!L74 -> 0
A77: 8 | B77: TDV18 | C77: Nguyễn Hữu Thức | D77: Toàn tỉnh | E77: Lào Cai | F77: =SUMIF('[14]DS đạt từ T1-4'!$D:$D,'Quý 3,2025'!$C77,'[14]DS đạt từ T1-4'!$AI:$AI) -> 3351428.6 | G77: =SUMIF('[14]DS đạt từ T1-4'!$D:$D,'Quý 3,2025'!$C77,'[14]DS đạt từ T1-4'!$AN:$AN) -> 2578571.4 | H77: =SUMIF([14]T5!D:D,'Quý 3,2025'!C77,[14]T5!AF:AF) -> 116666.67 | I77: =SUM(F77:H77)/$I$9 -> 2015555.6 | J77: =J$9*N77 -> 4000000 | K77: =K$9*N77 -> 16000000 | L77: =L$9*N77 -> 12000000 | M77: =M$9*N77 -> 8000000 | N77: 40000000 | O77: 155 | P77: 5 | Q77: =Q$9*U77 -> 4500000 | R77: =R$9*U77 -> 18000000 | S77: =S$9*U77 -> 13500000 | T77: =T$9*U77 -> 9000000 | U77: 45000000 | V77: 155 | W77: 3 | X77: =X$9*AB77 -> 4500000 | Y77: =Y$9*AB77 -> 18000000 | Z77: =Z$9*AB77 -> 13500000 | AA77: =AA$9*AB77 -> 9000000 | AB77: 45000000 | AC77: 190 | AD77: 3 | AE77: =SUMIF($J$12:$AB$12,AE$12,$J77:$AB77) -> 13000000 | AF77: =SUMIF($J$12:$AB$12,AF$12,$J77:$AB77) -> 52000000 | AG77: =SUMIF($J$12:$AB$12,AG$12,$J77:$AB77) -> 39000000 | AH77: =SUMIF($J$12:$AB$12,AH$12,$J77:$AB77) -> 26000000 | AI77: =SUMIF($J$12:$AB$12,AI$12,$J77:$AB77) -> 130000000 | AJ77: =SUMIF($J$11:$AD$11,AJ$11,$J77:$AD77) -> 500 | AK77: =SUMIF($J$11:$AD$11,AK$11,$J77:$AD77) -> 11 | AL77: =V77-O77 -> 0 | AM77: =AC77-V77 -> 35 | AN77: =P77-'[14]THÁNG 7'!L75 -> 0
A78: QLBH8 | C78: Nguyễn Anh Tuấn | F78: =SUM(F70:F77) -> 5.3597805e+08 | G78: =SUM(G70:G77) -> 3.5921152e+08 | H78: =SUM(H70:H77) -> 4.7632624e+08 | I78: =SUM(I70:I77) -> 4.5717194e+08 | J78: =SUM(J70:J77) -> 53500000 | K78: =SUM(K70:K77) -> 214000000 | L78: =SUM(L70:L77) -> 160500000 | M78: =SUM(M70:M77) -> 107000000 | ... AK78: =SUM(AK70:AK77) -> 63 | AL78: =V78-O78 -> 30 | AM78: =AC78-V78 -> 175 | AN78: =P78-'[14]THÁNG 7'!L76 -> 0
I79: =SUM(F79:H79)/$I$9 -> 0 | AL79: =V79-O79 -> 0 | AM79: =AC79-V79 -> 0
C80: PHẠM CẢNH TÙNG | F80: =SUM(F81:F88) -> 2.4999888e+09 | G80: =SUM(G81:G88) -> 1.9357481e+09 | H80: =SUM(H81:H88) -> 2.3888834e+09 | I80: =SUM(I81:I88) -> 2.2748735e+09 | J80: =SUM(J81:J88) -> 353000000 | K80: =SUM(K81:K88) -> 1412000000 | L80: =SUM(L81:L88) -> 1059000000 | M80: =SUM(M81:M88) -> 706000000 | N80: 3500000000 | O80: =SUM(O81:O88) -> 12000 | P80: =SUM(P81:P88) -> 200 | Q80: =SUM(Q81:Q88) -> 3.6849336e+08 | R80: =SUM(R81:R88) -> 1.4739735e+09 | S80: =SUM(S81:S88) -> 1.1054801e+09 | T80: =SUM(T81:T88) -> 7.3698673e+08 | U80: =N80*105% -> 3675000000 | V80: =SUM(V81:V88) -> 13000 | W80: =SUM(W81:W88) -> 180 | X80: =SUM(X81:X88) -> 394000000 | Y80: =SUM(Y81:Y88) -> 1576000000 | Z80: =SUM(Z81:Z88) -> 1182000000 | AA80: =SUM(AA81:AA88) -> 788000000 | AB80: =U80*105% -> 3858750000 | AC80: =SUM(AC81:AC88) -> 14000 | AD80: =SUM(AD81:AD88) -> 150 | AE80: =SUM(AE81:AE88) -> 1119500000 | AF80: =SUM(AF81:AF88) -> 4478000000 | AG80: =SUM(AG81:AG88) -> 3358500000 | AH80: =SUM(AH81:AH88) -> 2239000000 | AI80: =AB80+U80+N80 -> 11033750000 | AJ80: =AC80+V80+O80 -> 39000 | AK80: =AD80+W80+P80 -> 530 | AL80: =V80-O80 -> 1000 | AM80: =AC80-V80 -> 1000 | AN80: =P80-'[14]THÁNG 7'!L81 -> 0
A81: QLBH1 | C81: Trống QLBH | F81: =SUMIF($A$14:$A$78,$A81,F$14:F$78) -> 2.4124495e+08 | G81: =SUMIF($A$14:$A$78,$A81,G$14:G$78) -> 1.7297919e+08 | H81: =SUMIF($A$14:$A$78,$A81,H$14:H$78) -> 2.5137519e+08 | I81: =SUM(F81:H81)/$I$9 -> 2.2186644e+08 | J81: =SUMIF($A$14:$A$78,$A81,J$14:J$78) -> 31500000 | K81: =SUMIF($A$14:$A$78,$A81,K$14:K$78) -> 126000000 | L81: =SUMIF($A$14:$A$78,$A81,L$14:L$78) -> 94500000 | M81: =SUMIF($A$14:$A$78,$A81,M$14:M$78) -> 63000000 | N81: 382980750 | O81: =SUMIF($A$14:$A$78,$A81,O$14:O$78) -> 955 | P81: =SUMIF($A$14:$A$78,$A81,P$14:P$78) -> 25 | Q81: 29493364 | R81: 1.1797346e+08 | S81: 88480091 | T81: 58986728 | U81: 402000000 | V81: =SUMIF($A$14:$A$78,$A81,V$14:V$78) -> 1105 | W81: =SUMIF($A$14:$A$78,$A81,W$14:W$78) -> 21 | X81: =SUMIF($A$14:$A$78,$A81,X$14:X$78) -> 36000000 | Y81: =SUMIF($A$14:$A$78,$A81,Y$14:Y$78) -> 144000000 | Z81: =SUMIF($A$14:$A$78,$A81,Z$14:Z$78) -> 108000000 | AA81: =SUMIF($A$14:$A$78,$A81,AA$14:AA$78) -> 72000000 | AB81: 422275000 | AC81: =SUMIF($A$14:$A$78,$A81,AC$14:AC$78) -> 1195 | AD81: =SUMIF($A$14:$A$78,$A81,AD$14:AD$78) -> 16 | AE81: =SUMIF($A$14:$A$78,$A81,AE$14:AE$78) -> 101000000 | AF81: =SUMIF($A$14:$A$78,$A81,AF$14:AF$78) -> 404000000 | AG81: =SUMIF($A$14:$A$78,$A81,AG$14:AG$78) -> 303000000 | AH81: =SUMIF($A$14:$A$78,$A81,AH$14:AH$78) -> 202000000 | AI81: =AB81+U81+N81 -> 1207255750 | AJ81: =AC81+V81+O81 -> 3255 | AK81: =AD81+W81+P81 -> 62 | AL81: =V81-O81 -> 150 | AM81: =AC81-V81 -> 90 | AN81: =P81-'[14]THÁNG 7'!L82 -> 0
A82: QLBH2 | C82: Nguyễn Mạnh Thắng | F82: =SUMIF($A$14:$A$78,$A82,F$14:F$78) -> 1.6568738e+08 | G82: =SUMIF($A$14:$A$78,$A82,G$14:G$78) -> 1.1480029e+08 | H82: =SUMIF($A$14:$A$78,$A82,H$14:H$78) -> 1.6800114e+08 | I82: =SUM(F82:H82)/$I$9 -> 1.4949627e+08 | J82: =SUMIF($A$14:$A$78,$A82,J$14:J$78) -> 27000000 | K82: =SUMIF($A$14:$A$78,$A82,K$14:K$78) -> 108000000 | L82: =SUMIF($A$14:$A$78,$A82,L$14:L$78) -> 81000000 | M82: =SUMIF($A$14:$A$78,$A82,M$14:M$78) -> 54000000 | N82: 317635500 | O82: =SUMIF($A$14:$A$78,$A82,O$14:O$78) -> 720 | P82: =SUMIF($A$14:$A$78,$A82,P$14:P$78) -> 16 | Q82: =SUMIF($A$14:$A$78,$A82,Q$14:Q$78) -> 28500000 | R82: =SUMIF($A$14:$A$78,$A82,R$14:R$78) -> 114000000 | S82: =SUMIF($A$14:$A$78,$A82,S$14:S$78) -> 85500000 | T82: =SUMIF($A$14:$A$78,$A82,T$14:T$78) -> 57000000 | U82: 333500000 | V82: =SUMIF($A$14:$A$78,$A82,V$14:V$78) -> 840 | W82: =SUMIF($A$14:$A$78,$A82,W$14:W$78) -> 16 | X82: =SUMIF($A$14:$A$78,$A82,X$14:X$78) -> 30500000 | Y82: =SUMIF($A$14:$A$78,$A82,Y$14:Y$78) -> 122000000 | Z82: =SUMIF($A$14:$A$78,$A82,Z$14:Z$78) -> 91500000 | AA82: =SUMIF($A$14:$A$78,$A82,AA$14:AA$78) -> 61000000 | AB82: =U82*105% -> 350175000 | AC82: =SUMIF($A$14:$A$78,$A82,AC$14:AC$78) -> 930 | AD82: =SUMIF($A$14:$A$78,$A82,AD$14:AD$78) -> 14 | AE82: =SUMIF($A$14:$A$78,$A82,AE$14:AE$78) -> 86000000 | AF82: =SUMIF($A$14:$A$78,$A82,AF$14:AF$78) -> 344000000 | AG82: =SUMIF($A$14:$A$78,$A82,AG$14:AG$78) -> 258000000 | AH82: =SUMIF($A$14:$A$78,$A82,AH$14:AH$78) -> 172000000 | AI82: =AB82+U82+N82 -> 1001310500 | AJ82: =AC82+V82+O82 -> 2490 | AK82: =AD82+W82+P82 -> 46 | AL82: =V82-O82 -> 120 | AM82: =AC82-V82 -> 90 | AN82: =P82-'[14]THÁNG 7'!L83 -> 0
A83: QLBH3 | C83: Lê Văn Thành | F83: =SUMIF($A$14:$A$78,$A83,F$14:F$78) -> 2.0895514e+08 | G83: =SUMIF($A$14:$A$78,$A83,G$14:G$78) -> 1.7705424e+08 | H83: =SUMIF($A$14:$A$78,$A83,H$14:H$78) -> 2.4657971e+08 | I83: =SUM(F83:H83)/$I$9 -> 2.1086303e+08 | J83: =SUMIF($A$14:$A$78,$A83,J$14:J$78) -> 41000000 | K83: =SUMIF($A$14:$A$78,$A83,K$14:K$78) -> 164000000 | L83: =SUMIF($A$14:$A$78,$A83,L$14:L$78) -> 123000000 | M83: =SUMIF($A$14:$A$78,$A83,M$14:M$78) -> 82000000 | N83: 310000000 | O83: =SUMIF($A$14:$A$78,$A83,O$14:O$78) -> 1620 | P83: =SUMIF($A$14:$A$78,$A83,P$14:P$78) -> 32 | Q83: =SUMIF($A$14:$A$78,$A83,Q$14:Q$78) -> 44500000 | R83: =SUMIF($A$14:$A$78,$A83,R$14:R$78) -> 178000000 | S83: =SUMIF($A$14:$A$78,$A83,S$14:S$78) -> 133500000 | T83: =SUMIF($A$14:$A$78,$A83,T$14:T$78) -> 89000000 | U83: 350000000 | V83: =SUMIF($A$14:$A$78,$A83,V$14:V$78) -> 1760 | W83: =SUMIF($A$14:$A$78,$A83,W$14:W$78) -> 29 | X83: =SUMIF($A$14:$A$78,$A83,X$14:X$78) -> 46500000 | Y83: =SUMIF($A$14:$A$78,$A83,Y$14:Y$78) -> 186000000 | Z83: =SUMIF($A$14:$A$78,$A83,Z$14:Z$78) -> 139500000 | AA83: =SUMIF($A$14:$A$78,$A83,AA$14:AA$78) -> 93000000 | AB83: 375000000 | AC83: =SUMIF($A$14:$A$78,$A83,AC$14:AC$78) -> 1905 | AD83: =SUMIF($A$14:$A$78,$A83,AD$14:AD$78) -> 24 | AE83: =SUMIF($A$14:$A$78,$A83,AE$14:AE$78) -> 132000000 | AF83: =SUMIF($A$14:$A$78,$A83,AF$14:AF$78) -> 528000000 | AG83: =SUMIF($A$14:$A$78,$A83,AG$14:AG$78) -> 396000000 | AH83: =SUMIF($A$14:$A$78,$A83,AH$14:AH$78) -> 264000000 | AI83: =AB83+U83+N83 -> 1035000000 | AJ83: =AC83+V83+O83 -> 5285 | AK83: =AD83+W83+P83 -> 85 | AL83: =V83-O83 -> 140 | AM83: =AC83-V83 -> 145 | AN83: =P83-'[14]THÁNG 7'!L84 -> 0
A84: QLBH4 | C84: Nguyễn Trần Cổn | F84: =SUMIF($A$14:$A$78,$A84,F$14:F$78) -> 3.5706224e+08 | G84: =SUMIF($A$14:$A$78,$A84,G$14:G$78) -> 2.2002405e+08 | H84: =SUMIF($A$14:$A$78,$A84,H$14:H$78) -> 3.2729919e+08 | I84: =SUM(F84:H84)/$I$9 -> 3.0146183e+08 | J84: =SUMIF($A$14:$A$78,$A84,J$14:J$78) -> 41000000 | K84: =SUMIF($A$14:$A$78,$A84,K$14:K$78) -> 164000000 | L84: =SUMIF($A$14:$A$78,$A84,L$14:L$78) -> 123000000 | M84: =SUMIF($A$14:$A$78,$A84,M$14:M$78) -> 82000000 | N84: 380000000 | O84: =SUMIF($A$14:$A$78,$A84,O$14:O$78) -> 1450 | P84: =SUMIF($A$14:$A$78,$A84,P$14:P$78) -> 27 | Q84: =SUMIF($A$14:$A$78,$A84,Q$14:Q$78) -> 42500000 | R84: =SUMIF($A$14:$A$78,$A84,R$14:R$78) -> 170000000 | S84: =SUMIF($A$14:$A$78,$A84,S$14:S$78) -> 127500000 | T84: =SUMIF($A$14:$A$78,$A84,T$14:T$78) -> 85000000 | U84: 420000000 | V84: =SUMIF($A$14:$A$78,$A84,V$14:V$78) -> 1550 | W84: =SUMIF($A$14:$A$78,$A84,W$14:W$78) -> 24 | X84: =SUMIF($A$14:$A$78,$A84,X$14:X$78) -> 46500000 | Y84: =SUMIF($A$14:$A$78,$A84,Y$14:Y$78) -> 186000000 | Z84: =SUMIF($A$14:$A$78,$A84,Z$14:Z$78) -> 139500000 | AA84: =SUMIF($A$14:$A$78,$A84,AA$14:AA$78) -> 93000000 | AB84: 450000000 | AC84: =SUMIF($A$14:$A$78,$A84,AC$14:AC$78) -> 1680 | AD84: =SUMIF($A$14:$A$78,$A84,AD$14:AD$78) -> 20 | AE84: =SUMIF($A$14:$A$78,$A84,AE$14:AE$78) -> 130000000 | AF84: =SUMIF($A$14:$A$78,$A84,AF$14:AF$78) -> 520000000 | AG84: =SUMIF($A$14:$A$78,$A84,AG$14:AG$78) -> 390000000 | AH84: =SUMIF($A$14:$A$78,$A84,AH$14:AH$78) -> 260000000 | AI84: =AB84+U84+N84 -> 1250000000 | AJ84: =AC84+V84+O84 -> 4680 | AK84: =AD84+W84+P84 -> 71 | AL84: =V84-O84 -> 100 | AM84: =AC84-V84 -> 130 | AN84: =P84-'[14]THÁNG 7'!L85 -> 0
A85: QLBH5 | C85: Trống QLBH | F85: =SUMIF($A$14:$A$78,$A85,F$14:F$78) -> 1.2052314e+08 | G85: =SUMIF($A$14:$A$78,$A85,G$14:G$78) -> 78895143 | H85: =SUMIF($A$14:$A$78,$A85,H$14:H$78) -> 2.0632281e+08 | I85: =SUM(F85:H85)/$I$9 -> 1.3524703e+08 | J85: =SUMIF($A$14:$A$78,$A85,J$14:J$78) -> 38500000 | K85: =SUMIF($A$14:$A$78,$A85,K$14:K$78) -> 154000000 | L85: =SUMIF($A$14:$A$78,$A85,L$14:L$78) -> 115500000 | M85: =SUMIF($A$14:$A$78,$A85,M$14:M$78) -> 77000000 | N85: 330000000 | O85: =SUMIF($A$14:$A$78,$A85,O$14:O$78) -> 1290 | P85: =SUMIF($A$14:$A$78,$A85,P$14:P$78) -> 26 | Q85: =SUMIF($A$14:$A$78,$A85,Q$14:Q$78) -> 40500000 | R85: =SUMIF($A$14:$A$78,$A85,R$14:R$78) -> 162000000 | S85: =SUMIF($A$14:$A$78,$A85,S$14:S$78) -> 121500000 | T85: =SUMIF($A$14:$A$78,$A85,T$14:T$78) -> 81000000 | U85: 356000000 | V85: =SUMIF($A$14:$A$78,$A85,V$14:V$78) -> 1410 | W85: =SUMIF($A$14:$A$78,$A85,W$14:W$78) -> 24 | X85: =SUMIF($A$14:$A$78,$A85,X$14:X$78) -> 44000000 | Y85: =SUMIF($A$14:$A$78,$A85,Y$14:Y$78) -> 176000000 | Z85: =SUMIF($A$14:$A$78,$A85,Z$14:Z$78) -> 132000000 | AA85: =SUMIF($A$14:$A$78,$A85,AA$14:AA$78) -> 88000000 | AB85: 375000000 | AC85: =SUMIF($A$14:$A$78,$A85,AC$14:AC$78) -> 1520 | AD85: =SUMIF($A$14:$A$78,$A85,AD$14:AD$78) -> 20 | AE85: =SUMIF($A$14:$A$78,$A85,AE$14:AE$78) -> 123000000 | AF85: =SUMIF($A$14:$A$78,$A85,AF$14:AF$78) -> 492000000 | AG85: =SUMIF($A$14:$A$78,$A85,AG$14:AG$78) -> 369000000 | AH85: =SUMIF($A$14:$A$78,$A85,AH$14:AH$78) -> 246000000 | AI85: =AB85+U85+N85 -> 1061000000 | AJ85: =AC85+V85+O85 -> 4220 | AK85: =AD85+W85+P85 -> 70 | AL85: =V85-O85 -> 120 | AM85: =AC85-V85 -> 110 | AN85: =P85-'[14]THÁNG 7'!L86 -> 0
A86: QLBH6 | C86: Trần Khánh Dư | F86: =SUMIF($A$14:$A$78,$A86,F$14:F$78) -> 2.1709686e+08 | G86: =SUMIF($A$14:$A$78,$A86,G$14:G$78) -> 1.5562633e+08 | H86: =SUMIF($A$14:$A$78,$A86,H$14:H$78) -> 1.2152552e+08 | I86: =SUM(F86:H86)/$I$9 -> 1.6474957e+08 | J86: =SUMIF($A$14:$A$78,$A86,J$14:J$78) -> 39500000 | K86: =SUMIF($A$14:$A$78,$A86,K$14:K$78) -> 158000000 | L86: =SUMIF($A$14:$A$78,$A86,L$14:L$78) -> 118500000 | M86: =SUMIF($A$14:$A$78,$A86,M$14:M$78) -> 79000000 | N86: 406800000 | O86: =SUMIF($A$14:$A$78,$A86,O$14:O$78) -> 1400 | P86: =SUMIF($A$14:$A$78,$A86,P$14:P$78) -> 26 | Q86: =SUMIF($A$14:$A$78,$A86,Q$14:Q$78) -> 41500000 | R86: =SUMIF($A$14:$A$78,$A86,R$14:R$78) -> 166000000 | S86: =SUMIF($A$14:$A$78,$A86,S$14:S$78) -> 124500000 | T86: =SUMIF($A$14:$A$78,$A86,T$14:T$78) -> 83000000 | U86: 426000000 | V86: =SUMIF($A$14:$A$78,$A86,V$14:V$78) -> 1550 | W86: =SUMIF($A$14:$A$78,$A86,W$14:W$78) -> 23 | X86: =SUMIF($A$14:$A$78,$A86,X$14:X$78) -> 44500000 | Y86: =SUMIF($A$14:$A$78,$A86,Y$14:Y$78) -> 178000000 | Z86: =SUMIF($A$14:$A$78,$A86,Z$14:Z$78) -> 133500000 | AA86: =SUMIF($A$14:$A$78,$A86,AA$14:AA$78) -> 89000000 | AB86: =U86*105% -> 447300000 | AC86: =SUMIF($A$14:$A$78,$A86,AC$14:AC$78) -> 1670 | AD86: =SUMIF($A$14:$A$78,$A86,AD$14:AD$78) -> 20 | AE86: =SUMIF($A$14:$A$78,$A86,AE$14:AE$78) -> 125500000 | AF86: =SUMIF($A$14:$A$78,$A86,AF$14:AF$78) -> 502000000 | AG86: =SUMIF($A$14:$A$78,$A86,AG$14:AG$78) -> 376500000 | AH86: =SUMIF($A$14:$A$78,$A86,AH$14:AH$78) -> 251000000 | AI86: =AB86+U86+N86 -> 1280100000 | AJ86: =AC86+V86+O86 -> 4620 | AK86: =AD86+W86+P86 -> 69 | AL86: =V86-O86 -> 150 | AM86: =AC86-V86 -> 120 | AN86: =P86-'[14]THÁNG 7'!L87 -> 0
A87: QLBH7 | C87: Nguyễn Quang Quyết | F87: =SUMIF($A$14:$A$78,$A87,F$14:F$78) -> 6.5344105e+08 | G87: =SUMIF($A$14:$A$78,$A87,G$14:G$78) -> 6.5715738e+08 | H87: =SUMIF($A$14:$A$78,$A87,H$14:H$78) -> 5.9145362e+08 | I87: =SUM(F87:H87)/$I$9 -> 6.3401735e+08 | J87: =SUMIF($A$14:$A$78,$A87,J$14:J$78) -> 81000000 | K87: =SUMIF($A$14:$A$78,$A87,K$14:K$78) -> 324000000 | L87: =SUMIF($A$14:$A$78,$A87,L$14:L$78) -> 243000000 | M87: =SUMIF($A$14:$A$78,$A87,M$14:M$78) -> 162000000 | N87: 793800000 | O87: =SUMIF($A$14:$A$78,$A87,O$14:O$78) -> 2390 | P87: =SUMIF($A$14:$A$78,$A87,P$14:P$78) -> 24 | Q87: =SUMIF($A$14:$A$78,$A87,Q$14:Q$78) -> 85000000 | R87: =SUMIF($A$14:$A$78,$A87,R$14:R$78) -> 340000000 | S87: =SUMIF($A$14:$A$78,$A87,S$14:S$78) -> 255000000 | T87: =SUMIF($A$14:$A$78,$A87,T$14:T$78) -> 170000000 | U87: 832500000 | V87: =SUMIF($A$14:$A$78,$A87,V$14:V$78) -> 2580 | W87: =SUMIF($A$14:$A$78,$A87,W$14:W$78) -> 22 | X87: =SUMIF($A$14:$A$78,$A87,X$14:X$78) -> 89000000 | Y87: =SUMIF($A$14:$A$78,$A87,Y$14:Y$78) -> 356000000 | Z87: =SUMIF($A$14:$A$78,$A87,Z$14:Z$78) -> 267000000 | AA87: =SUMIF($A$14:$A$78,$A87,AA$14:AA$78) -> 178000000 | AB87: 869000000 | AC87: =SUMIF($A$14:$A$78,$A87,AC$14:AC$78) -> 2720 | AD87: =SUMIF($A$14:$A$78,$A87,AD$14:AD$78) -> 18 | AE87: =SUMIF($A$14:$A$78,$A87,AE$14:AE$78) -> 255000000 | AF87: =SUMIF($A$14:$A$78,$A87,AF$14:AF$78) -> 1020000000 | AG87: =SUMIF($A$14:$A$78,$A87,AG$14:AG$78) -> 765000000 | AH87: =SUMIF($A$14:$A$78,$A87,AH$14:AH$78) -> 510000000 | AI87: =AB87+U87+N87 -> 2495300000 | AJ87: =AC87+V87+O87 -> 7690 | AK87: =AD87+W87+P87 -> 64 | AL87: =V87-O87 -> 190 | AM87: =AC87-V87 -> 140 | AN87: =P87-'[14]THÁNG 7'!L88 -> 0
A88: QLBH8 | C88: Nguyễn Anh Tuấn | F88: =SUMIF($A$14:$A$78,$A88,F$14:F$78) -> 5.3597805e+08 | G88: =SUMIF($A$14:$A$78,$A88,G$14:G$78) -> 3.5921152e+08 | H88: =SUMIF($A$14:$A$78,$A88,H$14:H$78) -> 4.7632624e+08 | I88: =SUM(F88:H88)/$I$9 -> 4.5717194e+08 | J88: =SUMIF($A$14:$A$78,$A88,J$14:J$78) -> 53500000 | K88: =SUMIF($A$14:$A$78,$A88,K$14:K$78) -> 214000000 | L88: =SUMIF($A$14:$A$78,$A88,L$14:L$78) -> 160500000 | M88: =SUMIF($A$14:$A$78,$A88,M$14:M$78) -> 107000000 | N88: 547200000 | O88: =SUMIF($A$14:$A$78,$A88,O$14:O$78) -> 2175 | P88: =SUMIF($A$14:$A$78,$A88,P$14:P$78) -> 24 | Q88: =SUMIF($A$14:$A$78,$A88,Q$14:Q$78) -> 56500000 | R88: =SUMIF($A$14:$A$78,$A88,R$14:R$78) -> 226000000 | S88: =SUMIF($A$14:$A$78,$A88,S$14:S$78) -> 169500000 | T88: =SUMIF($A$14:$A$78,$A88,T$14:T$78) -> 113000000 | U88: 555000000 | V88: =SUMIF($A$14:$A$78,$A88,V$14:V$78) -> 2205 | W88: =SUMIF($A$14:$A$78,$A88,W$14:W$78) -> 21 | X88: =SUMIF($A$14:$A$78,$A88,X$14:X$78) -> 57000000 | Y88: =SUMIF($A$14:$A$78,$A88,Y$14:Y$78) -> 228000000 | Z88: =SUMIF($A$14:$A$78,$A88,Z$14:Z$78) -> 171000000 | AA88: =SUMIF($A$14:$A$78,$A88,AA$14:AA$78) -> 114000000 | AB88: 570000000 | AC88: =SUMIF($A$14:$A$78,$A88,AC$14:AC$78) -> 2380 | AD88: =SUMIF($A$14:$A$78,$A88,AD$14:AD$78) -> 18 | AE88: =SUMIF($A$14:$A$78,$A88,AE$14:AE$78) -> 167000000 | AF88: =SUMIF($A$14:$A$78,$A88,AF$14:AF$78) -> 668000000 | AG88: =SUMIF($A$14:$A$78,$A88,AG$14:AG$78) -> 501000000 | AH88: =SUMIF($A$14:$A$78,$A88,AH$14:AH$78) -> 334000000 | AI88: =AB88+U88+N88 -> 1672200000 | AJ88: =AC88+V88+O88 -> 6760 | AK88: =AD88+W88+P88 -> 63 | AL88: =V88-O88 -> 30 | AM88: =AC88-V88 -> 175 | AN88: =P88-'[14]THÁNG 7'!L89 -> 0
C89: Tổng Quản lý | N89: =SUM(N81:N88) -> 3468416250 | O89: =SUM(O81:O88) -> 12000 | P89: =SUM(P81:P88) -> 200 | Q89: =SUM(Q81:Q88) -> 3.6849336e+08 | R89: =SUM(R81:R88) -> 1.4739735e+09 | S89: =SUM(S81:S88) -> 1.1054801e+09 | T89: =SUM(T81:T88) -> 7.3698673e+08 | U89: =SUM(U81:U88) -> 3675000000 | ... AI89: =SUM(AI81:AI88) -> 11002166250
C90: Chênh lệch số khoán của QLM-QLBH | N90: =N80-N89 -> 31583750 | O90: =O80-O89 -> 0 | P90: =P80-P89 -> 0 | Q90: =Q80-Q89 -> 0 | R90: =R80-R89 -> 0 | S90: =S80-S89 -> 0 | T90: =T80-T89 -> 0 | U90: =U80-U89 -> 0 | ... AI90: =AI80-AI89 -> 31583750
C92: Chênh lệch giữa số khoán phân bổ cho Quản lý - số khoán TDV (dương là khoán cho quản lý đang ko phân bổ được hết cho TDV) | AL92: âm là ok
A93: QLBH1 | C93: Trống QLBH | N93: =N81-SUMIF($A$14:$A$78,$A81,N$14:N$78) -> 67980750 | O93: =O81-SUMIF($A$14:$A$78,$A81,O$14:O$78) -> 0 | P93: =P81-SUMIF($A$14:$A$78,$A81,P$14:P$78) -> 0 | Q93: =Q81-SUMIF($A$14:$A$78,$A81,Q$14:Q$78) -> -4006636.2 | R93: =R81-SUMIF($A$14:$A$78,$A81,R$14:R$78) -> -16026545 | S93: =S81-SUMIF($A$14:$A$78,$A81,S$14:S$78) -> -12019909 | T93: =T81-SUMIF($A$14:$A$78,$A81,T$14:T$78) -> -8013272.4 | U93: =U81-SUMIF($A$14:$A$78,$A81,U$14:U$78) -> 67000000 | ... AI93: =AI81-SUMIF($A$14:$A$78,$A81,AI$14:AI$78) -> 197255750
A94: QLBH2 | C94: Nguyễn Mạnh Thắng | N94: =N82-SUMIF($A$14:$A$78,$A82,N$14:N$78) -> 47635500 | O94: =O82-SUMIF($A$14:$A$78,$A82,O$14:O$78) -> 0 | P94: =P82-SUMIF($A$14:$A$78,$A82,P$14:P$78) -> 0 | Q94: =Q82-SUMIF($A$14:$A$78,$A82,Q$14:Q$78) -> 0 | R94: =R82-SUMIF($A$14:$A$78,$A82,R$14:R$78) -> 0 | S94: =S82-SUMIF($A$14:$A$78,$A82,S$14:S$78) -> 0 | T94: =T82-SUMIF($A$14:$A$78,$A82,T$14:T$78) -> 0 | U94: =U82-SUMIF($A$14:$A$78,$A82,U$14:U$78) -> 48500000 | ... AI94: =AI82-SUMIF($A$14:$A$78,$A82,AI$14:AI$78) -> 141310500
A95: QLBH3 | C95: Lê Văn Thành | N95: =N83-SUMIF($A$14:$A$78,$A83,N$14:N$78) -> -100000000 | O95: =O83-SUMIF($A$14:$A$78,$A83,O$14:O$78) -> 0 | P95: =P83-SUMIF($A$14:$A$78,$A83,P$14:P$78) -> 0 | Q95: =Q83-SUMIF($A$14:$A$78,$A83,Q$14:Q$78) -> 0 | R95: =R83-SUMIF($A$14:$A$78,$A83,R$14:R$78) -> 0 | S95: =S83-SUMIF($A$14:$A$78,$A83,S$14:S$78) -> 0 | T95: =T83-SUMIF($A$14:$A$78,$A83,T$14:T$78) -> 0 | U95: =U83-SUMIF($A$14:$A$78,$A83,U$14:U$78) -> -95000000 | ... AI95: =AI83-SUMIF($A$14:$A$78,$A83,AI$14:AI$78) -> -285000000
A96: QLBH4 | C96: Nguyễn Trần Cổn | N96: =N84-SUMIF($A$14:$A$78,$A84,N$14:N$78) -> -30000000 | O96: =O84-SUMIF($A$14:$A$78,$A84,O$14:O$78) -> 0 | P96: =P84-SUMIF($A$14:$A$78,$A84,P$14:P$78) -> 0 | Q96: =Q84-SUMIF($A$14:$A$78,$A84,Q$14:Q$78) -> 0 | R96: =R84-SUMIF($A$14:$A$78,$A84,R$14:R$78) -> 0 | S96: =S84-SUMIF($A$14:$A$78,$A84,S$14:S$78) -> 0 | T96: =T84-SUMIF($A$14:$A$78,$A84,T$14:T$78) -> 0 | U96: =U84-SUMIF($A$14:$A$78,$A84,U$14:U$78) -> -5000000 | ... AI96: =AI84-SUMIF($A$14:$A$78,$A84,AI$14:AI$78) -> -50000000
A97: QLBH5 | C97: Trống QLBH | N97: =N85-SUMIF($A$14:$A$78,$A85,N$14:N$78) -> -55000000 | O97: =O85-SUMIF($A$14:$A$78,$A85,O$14:O$78) -> 0 | P97: =P85-SUMIF($A$14:$A$78,$A85,P$14:P$78) -> 0 | Q97: =Q85-SUMIF($A$14:$A$78,$A85,Q$14:Q$78) -> 0 | R97: =R85-SUMIF($A$14:$A$78,$A85,R$14:R$78) -> 0 | S97: =S85-SUMIF($A$14:$A$78,$A85,S$14:S$78) -> 0 | T97: =T85-SUMIF($A$14:$A$78,$A85,T$14:T$78) -> 0 | U97: =U85-SUMIF($A$14:$A$78,$A85,U$14:U$78) -> -49000000 | ... AI97: =AI85-SUMIF($A$14:$A$78,$A85,AI$14:AI$78) -> -169000000
A98: QLBH6 | C98: Trần Khánh Dư | N98: =N86-SUMIF($A$14:$A$78,$A86,N$14:N$78) -> 11800000 | O98: =O86-SUMIF($A$14:$A$78,$A86,O$14:O$78) -> 0 | P98: =P86-SUMIF($A$14:$A$78,$A86,P$14:P$78) -> 0 | Q98: =Q86-SUMIF($A$14:$A$78,$A86,Q$14:Q$78) -> 0 | R98: =R86-SUMIF($A$14:$A$78,$A86,R$14:R$78) -> 0 | S98: =S86-SUMIF($A$14:$A$78,$A86,S$14:S$78) -> 0 | T98: =T86-SUMIF($A$14:$A$78,$A86,T$14:T$78) -> 0 | U98: =U86-SUMIF($A$14:$A$78,$A86,U$14:U$78) -> 11000000 | ... AI98: =AI86-SUMIF($A$14:$A$78,$A86,AI$14:AI$78) -> 25100000
A99: QLBH7 | C99: Nguyễn Quang Quyết | N99: =N87-SUMIF($A$14:$A$78,$A87,N$14:N$78) -> -16200000 | O99: =O87-SUMIF($A$14:$A$78,$A87,O$14:O$78) -> 0 | P99: =P87-SUMIF($A$14:$A$78,$A87,P$14:P$78) -> 0 | Q99: =Q87-SUMIF($A$14:$A$78,$A87,Q$14:Q$78) -> 0 | R99: =R87-SUMIF($A$14:$A$78,$A87,R$14:R$78) -> 0 | S99: =S87-SUMIF($A$14:$A$78,$A87,S$14:S$78) -> 0 | T99: =T87-SUMIF($A$14:$A$78,$A87,T$14:T$78) -> 0 | U99: =U87-SUMIF($A$14:$A$78,$A87,U$14:U$78) -> -17500000 | ... AI99: =AI87-SUMIF($A$14:$A$78,$A87,AI$14:AI$78) -> -54700000
A100: QLBH8 | C100: Nguyễn Anh Tuấn | N100: =N88-SUMIF($A$14:$A$78,$A88,N$14:N$78) -> 12200000 | O100: =O88-SUMIF($A$14:$A$78,$A88,O$14:O$78) -> 0 | P100: =P88-SUMIF($A$14:$A$78,$A88,P$14:P$78) -> 0 | Q100: =Q88-SUMIF($A$14:$A$78,$A88,Q$14:Q$78) -> 0 | R100: =R88-SUMIF($A$14:$A$78,$A88,R$14:R$78) -> 0 | S100: =S88-SUMIF($A$14:$A$78,$A88,S$14:S$78) -> 0 | T100: =T88-SUMIF($A$14:$A$78,$A88,T$14:T$78) -> 0 | U100: =U88-SUMIF($A$14:$A$78,$A88,U$14:U$78) -> -10000000 | ... AI100: =AI88-SUMIF($A$14:$A$78,$A88,AI$14:AI$78) -> 2200000
